CO_ANO,CO_MES,nick,SG_UF_NCM,comex,KG_LIQUIDO,VL_FOB
1997,1,café,BA,exp,38400.0,152832.0
1997,3,SAM_k,BA,imp,6004584.0,579942.0
1997,4,MAP_k,BA,imp,3515344.0,784030.0
1997,4,MOP_k,BA,imp,4025970.0,514318.0
1997,4,SAM_k,BA,imp,11049492.0,1096029.0
1997,5,MAP_k,BA,imp,2038700.0,432204.0
1997,5,MOP_k,BA,imp,2610389.0,330214.0
1997,5,SAM_k,BA,imp,3677529.0,378785.0
1997,5,café,BA,exp,7800.0,27168.0
1997,5,soja,BA,exp,53883760.0,34269904.0
1997,6,MAP_k,BA,imp,9449094.0,2053108.0
1997,6,soja,BA,exp,29414373.0,18425338.0
1997,7,MAP_k,BA,imp,8711405.0,1941433.0
1997,7,MOP_k,BA,imp,5549943.0,726693.0
1997,7,soja,BA,exp,53721773.0,33514924.0
1997,8,MAP_k,BA,imp,11674177.0,2629609.0
1997,8,MOP_k,BA,imp,10823780.0,1389380.0
1997,8,SAM_k,BA,imp,29833638.21783761,2875321.0
1997,8,soja,BA,exp,21329254.0,12174946.0
1997,9,MAP_k,BA,imp,6131432.0,1387858.0
1997,9,MOP_k,BA,imp,2600000.0,312000.0
1997,9,SAM_k,BA,imp,2000000.0,169680.0
1997,10,MOP_k,BA,imp,24144625.0,3096621.0
1997,10,SAM_k,BA,imp,8061543.0,631010.0
1997,10,UREIA_k,BA,imp,12526386.0,1325688.0
1997,11,MAP_k,BA,imp,12779676.0,2897158.0
1997,11,MOP_k,BA,imp,10742193.0,1452907.0
1997,11,UREIA_k,BA,imp,2532438.0,296295.0
1997,11,café,BA,exp,7800.0,27168.0
1997,12,MAP_k,BA,imp,6959335.0,1578894.0
1997,12,MOP_k,BA,imp,13208102.0,1806813.0
1997,12,SAM_k,BA,imp,4095347.0,274388.0
1998,1,MAP_k,BA,imp,16637224.0,3777078.0
1998,2,MAP_k,BA,imp,5165947.0,1150276.0
1998,3,MAP_k,BA,imp,2747169.0,618662.0
1998,4,MOP_k,BA,imp,8049864.0,1080232.0
1998,4,SAM_k,BA,imp,12600067.0,692972.0
1998,4,soja,BA,exp,28374800.0,13449656.0
1998,5,MOP_k,BA,imp,18366641.0,2523895.0
1998,5,UREIA_k,BA,imp,4521160.0,442989.0
1998,5,soja,BA,exp,85182000.0,39871110.0
1998,6,MAP_k,BA,imp,27230664.0,6190484.0
1998,6,MOP_k,BA,imp,3500000.0,493500.0
1998,6,SAM_k,BA,imp,14737680.0,813797.0
1998,6,soja,BA,exp,62585880.0,29227416.0
1998,7,MAP_k,BA,imp,6540616.0,1447517.0
1998,7,MOP_k,BA,imp,9865000.0,1366290.0
1998,7,café,BA,exp,97200.0,360900.0
1998,7,soja,BA,exp,59925689.0,28355240.0
1998,8,MOP_k,BA,imp,7997608.0,1127663.0
1998,8,café,BA,exp,67620.0,254444.0
1998,8,soja,BA,exp,6476822.0,3048252.0
1998,9,MAP_k,BA,imp,18916334.0,4079594.0
1998,9,MOP_k,BA,imp,4063000.0,579783.0
1998,9,SAM_k,BA,imp,2000000.0,113000.0
1998,9,café,BA,exp,595140.0,2166294.0
1998,10,MAP_k,BA,imp,7930000.0,1765591.0
1998,10,MOP_k,BA,imp,15586580.0,2132169.0
1998,10,SAM_k,BA,imp,2508782.0,132549.0
1998,10,UREIA_k,BA,imp,32388279.348661028,3253460.0
1998,10,café,BA,exp,555960.0,1992416.0
1998,11,MOP_k,BA,imp,10003000.0,1280384.0
1998,11,SAM_k,BA,imp,11099968.0,645698.0
1998,11,UREIA_k,BA,imp,19991274.279989075,1937029.0
1998,11,café,BA,exp,329820.0,1212984.0
1998,12,MAP_k,BA,imp,4000000.0,828000.0
1998,12,MOP_k,BA,imp,6000000.0,869500.0
1998,12,SAM_k,BA,imp,8590662.0,505258.0
1998,12,café,BA,exp,112800.0,412848.0
1999,1,MAP_k,BA,imp,13101840.0,2866947.0
1999,1,SAM_k,BA,imp,8825043.0,476003.0
1999,1,café,BA,exp,733800.0,2658813.725490196
1999,2,MAP_k,BA,imp,7099825.0,1500610.0
1999,2,MOP_k,BA,imp,2486015.0,353014.0
1999,2,SAM_k,BA,imp,3000000.0,174000.0
1999,2,café,BA,exp,499800.0,1790619.607843137
1999,3,SAM_k,BA,imp,6012075.0,348700.0
1999,3,café,BA,exp,687720.0,2454125.4901960786
1999,4,café,BA,exp,438000.0,1591058.8235294118
1999,5,café,BA,exp,306000.0,1026127.450980392
1999,6,MAP_k,BA,imp,12448026.0,2441234.0
1999,6,MOP_k,BA,imp,11079249.0,1496031.0
1999,6,SAM_k,BA,imp,9481812.0,540946.0
1999,6,café,BA,exp,308400.0,1163258.8235294118
1999,7,MAP_k,BA,imp,6200315.0,1240986.0
1999,7,SAM_k,BA,imp,3000354.0,165019.0
1999,7,café,BA,exp,1116600.0,3714750.980392157
1999,8,MAP_k,BA,imp,4435000.0,962520.0
1999,8,MOP_k,BA,imp,4500000.0,625500.0
1999,8,café,BA,exp,2173560.0,7016015.68627451
1999,9,MAP_k,BA,imp,16011655.0,2978636.0
1999,9,MOP_k,BA,imp,15049960.0,2025670.0
1999,9,SAM_k,BA,imp,6500000.0,410280.0
1999,9,café,BA,exp,2015640.0,6273586.274509803
1999,10,MAP_k,BA,imp,12547687.0,2331475.0
1999,10,MOP_k,BA,imp,19500000.0,2629200.0
1999,10,SAM_k,BA,imp,12100000.0,664800.0
1999,10,café,BA,exp,840540.0,2657801.9607843137
1999,11,MAP_k,BA,imp,23000000.0,4202833.0
1999,11,MOP_k,BA,imp,14229716.0,1906577.0
1999,11,café,BA,exp,942000.0,2895745.0980392154
1999,12,MAP_k,BA,imp,4900000.0,885043.0
1999,12,MOP_k,BA,imp,23066131.0,3077527.0
1999,12,SAM_k,BA,imp,7428801.0,408584.0
1999,12,UREIA_k,BA,imp,3320000.0,277512.0
1999,12,café,BA,exp,1238400.0,4210968.62745098
2000,1,MAP_k,BA,imp,7813544.0,1406235.0
2000,1,MOP_k,BA,imp,2500000.0,332500.0
2000,1,SAM_k,BA,imp,8000000.0,433000.0
2000,1,UREIA_k,BA,imp,8915821.0,784778.0
2000,1,café,BA,exp,1460100.0,4900556.603773585
2000,2,MOP_k,BA,imp,3037724.0,414946.0
2000,2,SAM_k,BA,imp,4063140.0,245873.0
2000,2,café,BA,exp,579600.0,2088271.6981132075
2000,3,MAP_k,BA,imp,5496894.0,909917.0
2000,3,SAM_k,BA,imp,6531722.0,393745.0
2000,3,café,BA,exp,1183440.0,3721175.4716981133
2000,4,MAP_k,BA,imp,1150000.0,193920.0
2000,4,MOP_k,BA,imp,4199530.0,579535.0
2000,4,SAM_k,BA,imp,1574970.0,98319.0
2000,4,café,BA,exp,610500.0,1897381.1320754718
2000,5,MAP_k,BA,imp,2507039.0,413340.0
2000,5,café,BA,exp,865740.0,2762754.716981132
2000,6,SAM_k,BA,imp,9227154.0,564543.0
2000,6,café,BA,exp,622200.0,1930820.7547169812
2000,7,MAP_k,BA,imp,15786911.0,2468175.0
2000,7,MOP_k,BA,imp,12500000.0,1770445.0
2000,7,café,BA,exp,404400.0,1176518.8679245282
2000,8,MAP_k,BA,imp,12677281.0,2014515.0
2000,8,MOP_k,BA,imp,27352719.0,3797324.0
2000,8,SAM_k,BA,imp,9409799.0,612922.0
2000,8,UREIA_k,BA,imp,8200000.0,1237016.0
2000,8,café,BA,exp,660000.0,2165283.0188679243
2000,9,MAP_k,BA,imp,17615917.0,2930368.0
2000,9,MOP_k,BA,imp,4554049.0,625510.0
2000,9,UREIA_k,BA,imp,23084849.0,3523132.0
2000,9,café,BA,exp,434400.0,1357737.7358490566
2000,10,MAP_k,BA,imp,14396324.0,2675470.0
2000,10,MOP_k,BA,imp,18726114.0,2661762.0
2000,10,SAM_k,BA,imp,23951982.0,1705875.0
2000,10,UREIA_k,BA,imp,37842967.0,5341414.0
2000,10,café,BA,exp,442380.0,1473818.8679245282
2000,11,MAP_k,BA,imp,13078214.0,2625851.0
2000,11,MOP_k,BA,imp,20024980.0,2731898.0
2000,11,SAM_k,BA,imp,4317288.0,301895.0
2000,11,UREIA_k,BA,imp,26778143.0,3363044.0
2000,11,café,BA,exp,536400.0,1509016.9811320752
2000,12,MAP_k,BA,imp,4081627.0,756602.0
2000,12,MOP_k,BA,imp,3061420.0,422126.0
2000,12,SAM_k,BA,imp,6588320.0,473312.0
2000,12,café,BA,exp,346320.0,1092626.4150943395
2001,1,SAM_k,BA,imp,7839214.0,598859.0
2001,1,café,BA,exp,55200.0,168436.36363636362
2001,3,MAP_k,BA,imp,2827423.0,519494.0
2001,3,SAM_k,BA,imp,3000000.0,212695.0
2001,3,café,BA,exp,96000.0,270541.8181818182
2001,5,MAP_k,BA,imp,10854003.0,1922933.0
2001,5,MOP_k,BA,imp,3500000.0,506080.0
2001,6,MAP_k,BA,imp,9739787.0,1600145.0
2001,6,MOP_k,BA,imp,12501268.0,1809162.0
2001,6,SAM_k,BA,imp,6377702.0,511473.0
2001,6,UREIA_k,BA,imp,3002313.0,284651.0
2001,7,MAP_k,BA,imp,5675550.0,941159.0
2001,7,SAM_k,BA,imp,11643704.0,895030.0
2001,8,MAP_k,BA,imp,26770514.0,4027500.0
2001,8,MOP_k,BA,imp,33429669.0,4352267.0
2001,8,NP_k,BA,imp,207000.0,62176.0
2001,8,SAM_k,BA,imp,11168930.0,892733.0
2001,8,UREIA_k,BA,imp,19100772.0,1814573.0
2001,9,MAP_k,BA,imp,29565338.0,4726250.0
2001,9,MOP_k,BA,imp,51270154.0,6791642.0
2001,9,SAM_k,BA,imp,5825984.0,457547.0
2001,9,UREIA_k,BA,imp,26249755.0,2506852.0
2001,10,MAP_k,BA,imp,3150000.0,539069.0
2001,10,MOP_k,BA,imp,10445237.0,1379012.0
2001,10,UREIA_k,BA,imp,21857004.0,2180236.0
2001,10,café,BA,exp,38400.0,109818.1818181818
2001,11,MAP_k,BA,imp,7886485.0,1266869.0
2001,11,MOP_k,BA,imp,15247424.0,2005675.0
2001,12,UREIA_k,BA,imp,27972377.0,3011441.0
2001,12,café,BA,exp,92820.0,286278.18181818177
2002,2,MAP_k,BA,imp,10973305.0,1748107.0
2002,2,MOP_k,BA,imp,5116688.0,707555.0
2002,3,MAP_k,BA,imp,1583413.0,259279.0
2002,4,MOP_k,BA,imp,3900000.0,478318.0
2002,4,SAM_k,BA,imp,3475544.0,234113.0
2002,5,MAP_k,BA,imp,20245936.0,3090361.0
2002,5,MOP_k,BA,imp,13187676.0,1701354.0
2002,5,SAM_k,BA,imp,9184350.0,609703.0
2002,6,MAP_k,BA,imp,4197683.0,648373.0
2002,6,MOP_k,BA,imp,13048321.0,1597639.0
2002,7,MAP_k,BA,imp,31891085.0,4832811.0
2002,7,MOP_k,BA,imp,34733569.0,4220318.0
2002,7,SAM_k,BA,imp,3870791.0,251601.0
2002,8,MAP_k,BA,imp,19678535.0,3355150.0
2002,8,MOP_k,BA,imp,34240350.0,4217485.0
2002,8,SAM_k,BA,imp,5574297.0,347208.0
2002,9,MAP_k,BA,imp,8345161.0,1331973.0
2002,9,café,BA,exp,38400.0,122285.71428571428
2002,10,MAP_k,BA,imp,11785619.0,2149489.0
2002,10,MOP_k,BA,imp,11375597.0,1378820.0
2002,10,UREIA_k,BA,imp,11725069.0,1220258.0
2002,10,café,BA,exp,74400.0,210132.14285714284
2002,11,MOP_k,BA,imp,18342590.0,2272329.0
2002,11,NP_k,BA,imp,700000.0,208314.0
2002,11,SAM_k,BA,imp,11460960.0,755214.0
2002,11,UREIA_k,BA,imp,70779682.0,7380207.0
2002,12,MAP_k,BA,imp,9687774.0,1538319.0
2002,12,NP_k,BA,imp,201600.0,68061.0
2002,12,café,BA,exp,148800.0,440151.7857142857
2003,2,MOP_k,BA,imp,4027538.0,534588.0
2003,3,MAP_k,BA,imp,11056474.0,1938336.0
2003,3,MOP_k,BA,imp,7079036.0,814341.0
2003,3,NP_k,BA,imp,300000.0,90376.0
2003,3,UREIA_k,BA,imp,27655804.0,3892554.0
2003,4,MAP_k,BA,imp,11395862.0,2173034.0
2003,4,MOP_k,BA,imp,5775460.0,657667.0
2003,4,SAM_k,BA,imp,6891696.0,443746.0
2003,4,café,BA,exp,19200.0,60666.66666666667
2003,5,MAP_k,BA,imp,4523673.0,877222.0
2003,5,MOP_k,BA,imp,15832788.0,1940997.0
2003,5,NP_k,BA,imp,252000.0,86428.0
2003,6,MAP_k,BA,imp,13538393.0,2788247.0
2003,6,MOP_k,BA,imp,13371641.0,1730489.0
2003,6,SAM_k,BA,imp,2000847.0,136370.0
2003,6,UREIA_k,BA,imp,1701819.0,230817.0
2003,7,MAP_k,BA,imp,38437761.0,7837415.0
2003,7,MOP_k,BA,imp,31745000.0,3948842.0
2003,7,SAM_k,BA,imp,21393987.0,1682253.0
2003,7,UREIA_k,BA,imp,3625175.0,455908.0
2003,8,UREIA_k,BA,imp,38371198.78796923,5604808.0
2003,8,café,BA,exp,29520.0,84043.85964912281
2003,9,MAP_k,BA,imp,17796342.0,3334341.0
2003,9,MOP_k,BA,imp,60971081.0,7635893.0
2003,9,SAM_k,BA,imp,14494820.0,1128730.0
2003,9,UREIA_k,BA,imp,47281109.0,7171868.0
2003,10,MAP_k,BA,imp,27036776.0,5165503.0
2003,10,MOP_k,BA,imp,11611437.0,1496548.0
2003,10,SAM_k,BA,imp,12977929.0,1058052.0
2003,11,MAP_k,BA,imp,17659565.0,3414876.0
2003,11,MOP_k,BA,imp,17651268.0,1874826.0
2003,11,UREIA_k,BA,imp,29505833.0,4588225.0
2003,12,MOP_k,BA,imp,17457572.0,2239531.0
2003,12,UREIA_k,BA,imp,48203239.0,8072886.0
2004,1,MAP_k,BA,imp,10721702.0,2283353.0
2004,1,MOP_k,BA,imp,16929409.0,1919794.0
2004,1,NP_k,BA,imp,447360.0,149450.0
2004,1,SAM_k,BA,imp,5027872.0,439255.0
2004,1,UREIA_k,BA,imp,29951585.0,4622604.0
2004,2,MOP_k,BA,imp,8293555.0,1150337.0
2004,2,NP_k,BA,imp,300000.0,90506.0
2004,3,MAP_k,BA,imp,13343170.0,3012287.0
2004,3,MOP_k,BA,imp,15825136.0,1767003.0
2004,3,NP_k,BA,imp,1200000.0,422195.0
2004,3,SAM_k,BA,imp,4000000.0,398386.0
2004,3,UREIA_k,BA,imp,28745891.0,4477173.0
2004,3,café,BA,exp,38400.0,112813.5593220339
2004,4,MAP_k,BA,imp,13473290.0,3238078.0
2004,4,MOP_k,BA,imp,11540000.0,1486909.0
2004,4,café,BA,exp,55200.0,161779.66101694916
2004,5,MAP_k,BA,imp,16968435.0,3961464.0
2004,5,MOP_k,BA,imp,6521600.0,880327.0
2004,5,SAM_k,BA,imp,8600000.0,885193.0
2004,6,MAP_k,BA,imp,11574695.0,2659264.0
2004,6,MOP_k,BA,imp,7132961.0,986868.0
2004,6,SAM_k,BA,imp,14008411.0,1587362.0
2004,6,café,BA,exp,76800.0,225627.1186440678
2004,6,soja,BA,exp,79836860.0,42386298.30508475
2004,7,MAP_k,BA,imp,21632246.0,5036537.0
2004,7,MOP_k,BA,imp,32968685.0,5006243.0
2004,7,NP_k,BA,imp,250000.0,77737.0
2004,7,UREIA_k,BA,imp,18700000.0,2953171.0
2004,7,soja,BA,exp,65986500.0,34176106.779661015
2004,8,MAP_k,BA,imp,47712638.0,10773809.0
2004,8,MOP_k,BA,imp,35849438.0,6017186.0
2004,8,UREIA_k,BA,imp,47182935.0,8392948.0
2004,8,café,BA,exp,135240.0,391342.3728813559
2004,8,soja,BA,exp,58324090.0,31788555.932203393
2004,9,MAP_k,BA,imp,25029746.0,5758223.0
2004,9,MOP_k,BA,imp,67228967.0,11546951.0
2004,9,SAM_k,BA,imp,5302210.0,464234.0
2004,9,UREIA_k,BA,imp,64535626.0,14024709.0
2004,9,café,BA,exp,86040.0,270549.1525423729
2004,9,soja,BA,exp,95634920.0,46688920.33898306
2004,10,MAP_k,BA,imp,19162406.0,4504756.0
2004,10,MOP_k,BA,imp,21789189.0,3822145.0
2004,10,café,BA,exp,76260.0,268822.0338983051
2004,10,soja,BA,exp,24787490.0,13104827.118644068
2004,11,MAP_k,BA,imp,4228939.0,1017088.0
2004,11,MOP_k,BA,imp,11833492.0,2110782.0
2004,11,NP_k,BA,imp,1344000.0,342888.0
2004,11,UREIA_k,BA,imp,66619721.0,14302906.0
2004,11,café,BA,exp,429960.0,1309981.3559322034
2004,12,MOP_k,BA,imp,5752670.0,1027766.0
2004,12,NP_k,BA,imp,672000.0,171408.0
2004,12,UREIA_k,BA,imp,61613070.0,14292933.0
2004,12,café,BA,exp,1637160.0,4716544.06779661
2005,1,MAP_k,BA,imp,4502715.0,1139794.0
2005,1,MOP_k,BA,imp,2883566.0,492455.0
2005,1,café,BA,exp,1827600.0,5555990.163934426
2005,2,MAP_k,BA,imp,5651997.0,1320339.0
2005,2,UREIA_k,BA,imp,31605070.0,5878543.0
2005,2,café,BA,exp,3210000.0,9559909.836065574
2005,3,café,BA,exp,3455100.0,10995929.508196723
2005,4,MAP_k,BA,imp,3150994.0,744725.0
2005,4,café,BA,exp,3276420.0,10989172.131147541
2005,5,MAP_k,BA,imp,25132754.0,6321096.0
2005,5,SAM_k,BA,imp,4019593.0,483971.0
2005,5,café,BA,exp,2045520.0,7113340.983606557
2005,6,MAP_k,BA,imp,17500173.0,4217727.0
2005,6,MOP_k,BA,imp,3801676.0,788862.0
2005,6,NP_k,BA,imp,199800.0,72368.0
2005,6,SAM_k,BA,imp,4031586.0,473040.0
2005,6,café,BA,exp,1682520.0,5596450.819672131
2005,7,MAP_k,BA,imp,16498169.0,3928593.0
2005,7,MOP_k,BA,imp,4007943.0,820298.0
2005,7,café,BA,exp,2574300.0,9069198.360655738
2005,8,MAP_k,BA,imp,12783244.0,3255826.0
2005,8,MOP_k,BA,imp,28147385.0,5650157.0
2005,8,café,BA,exp,3155460.0,10823881.967213115
2005,9,MAP_k,BA,imp,48164625.0,12807775.0
2005,9,MOP_k,BA,imp,18437087.0,3775767.0
2005,9,NP_k,BA,imp,500000.0,152900.0
2005,9,SAM_k,BA,imp,6001005.0,703689.0
2005,9,UREIA_k,BA,imp,11499142.0,2423444.0
2005,9,café,BA,exp,3257220.0,11051834.426229509
2005,10,MAP_k,BA,imp,9748593.0,2635824.0
2005,10,MOP_k,BA,imp,9974000.0,2106558.0
2005,10,UREIA_k,BA,imp,46705983.0,9764684.0
2005,10,café,BA,exp,2663400.0,8421645.901639344
2005,11,MAP_k,BA,imp,15565435.0,4343228.0
2005,11,MOP_k,BA,imp,44093200.0,8957284.0
2005,11,UREIA_k,BA,imp,20917240.0,4371703.0
2005,11,café,BA,exp,3806220.0,11754944.262295082
2005,12,MOP_k,BA,imp,8993305.0,1869136.0
2005,12,NPK_k,BA,imp,2016000.0,928035.0
2005,12,NP_k,BA,imp,308000.0,131230.0
2005,12,SAM_k,BA,imp,2250000.0,229500.0
2005,12,UREIA_k,BA,imp,48401305.0,10308334.0
2005,12,café,BA,exp,2147820.0,6861770.491803279
2006,1,MAP_k,BA,imp,5039862.0,1401544.0
2006,1,MOP_k,BA,imp,3717480.0,724884.0
2006,1,SAM_k,BA,imp,6530692.0,699455.0
2006,1,UREIA_k,BA,imp,27085811.0,6197395.0
2006,1,café,BA,exp,2346240.0,7049169.841269841
2006,2,MAP_k,BA,imp,8952433.0,2405502.0
2006,2,SAM_k,BA,imp,1406609.0,146609.0
2006,2,UREIA_k,BA,imp,14735879.0,3256032.0
2006,2,café,BA,exp,2622840.0,8879673.015873015
2006,3,MAP_k,BA,imp,1430125.0,379200.0
2006,3,MOP_k,BA,imp,8686936.0,1573598.0
2006,3,café,BA,exp,2175300.0,6968231.746031746
2006,4,MAP_k,BA,imp,12936808.0,3508693.0
2006,4,MOP_k,BA,imp,11030538.0,2032131.0
2006,4,café,BA,exp,2269440.0,7455311.111111111
2006,5,MAP_k,BA,imp,4525000.0,1238193.0
2006,5,MOP_k,BA,imp,7004215.0,1281124.0
2006,5,SAM_k,BA,imp,8401561.0,810524.0
2006,5,café,BA,exp,1854840.0,6402596.825396826
2006,6,MAP_k,BA,imp,842036.0,224008.0
2006,6,MOP_k,BA,imp,7233771.0,1286873.0
2006,6,NP_k,BA,imp,384000.0,159536.0
2006,6,café,BA,exp,1530420.0,5107496.825396826
2006,7,MAP_k,BA,imp,48201757.0,13356674.0
2006,7,MOP_k,BA,imp,3850000.0,734881.0
2006,7,NP_k,BA,imp,432000.0,179424.0
2006,7,SAM_k,BA,imp,6500552.0,602787.0
2006,7,café,BA,exp,1934520.0,6069977.777777778
2006,8,MAP_k,BA,imp,13018472.0,3553996.0
2006,8,MOP_k,BA,imp,33081126.0,5841781.0
2006,8,NP_k,BA,imp,192000.0,81697.0
2006,8,SAM_k,BA,imp,6032954.0,613632.0
2006,8,café,BA,exp,3378000.0,10741025.396825397
2006,9,MAP_k,BA,imp,10322747.0,2867896.0
2006,9,MOP_k,BA,imp,6309460.0,1089283.0
2006,9,NP_k,BA,imp,252000.0,54869.0
2006,9,SAM_k,BA,imp,3596152.0,368743.0
2006,9,café,BA,exp,5876040.0,19558260.317460317
2006,10,MOP_k,BA,imp,36712549.0,6657371.0
2006,10,café,BA,exp,6451320.0,20977619.04761905
2006,11,MAP_k,BA,imp,36946683.0,10347665.0
2006,11,MOP_k,BA,imp,6092341.0,1101910.0
2006,11,NP_k,BA,imp,364000.0,138376.0
2006,11,café,BA,exp,5418180.0,17667879.365079366
2006,12,MAP_k,BA,imp,5613923.0,1569383.0
2006,12,SAM_k,BA,imp,6125053.0,755157.0
2006,12,UREIA_k,BA,imp,20846584.0,4618051.0
2006,12,café,BA,exp,5956170.0,21160514.285714284
2007,1,MAP_k,BA,imp,3428637.0,986387.0
2007,1,MOP_k,BA,imp,8155584.0,1386788.0
2007,1,SAM_k,BA,imp,2901591.0,350471.0
2007,1,café,BA,exp,6202440.0,22182937.5
2007,2,MAP_k,BA,imp,4161981.0,1187004.0
2007,2,SAM_k,BA,imp,4010429.0,514624.0
2007,2,café,BA,exp,5529660.0,19415265.625
2007,3,MOP_k,BA,imp,7260725.0,1310182.0
2007,3,SAM_k,BA,imp,4010817.0,650491.0
2007,3,café,BA,exp,2516160.0,8868078.125
2007,4,MOP_k,BA,imp,6038408.0,1268707.0
2007,4,SAM_k,BA,imp,5320000.0,659387.0
2007,4,café,BA,exp,2774700.0,9789556.25
2007,4,soja,BA,exp,8941839.0,4157300.0
2007,5,MAP_k,BA,imp,40013000.0,17628898.0
2007,5,MOP_k,BA,imp,14220000.0,3059772.0
2007,5,SAM_k,BA,imp,16367910.0,2570383.0
2007,5,café,BA,exp,2286900.0,7874582.8125
2007,6,MAP_k,BA,imp,30978750.0,14511010.0
2007,6,MOP_k,BA,imp,23073019.0,5251251.0
2007,6,NPK_k,BA,imp,11717000.0,3887892.0
2007,6,NP_k,BA,imp,532000.0,241555.0
2007,6,SAM_k,BA,imp,8752886.0,1469124.0
2007,6,café,BA,exp,1724280.0,6362482.8125
2007,7,MAP_k,BA,imp,31232331.0,13236688.0
2007,7,MOP_k,BA,imp,11381024.0,2264951.0
2007,7,NP_k,BA,imp,756000.0,343450.0
2007,7,café,BA,exp,2230260.0,7707695.3125
2007,7,soja,BA,exp,36619759.0,16809614.0625
2007,8,MOP_k,BA,imp,41864348.0,10190176.0
2007,8,NP_k,BA,imp,356000.0,157851.0
2007,8,SAM_k,BA,imp,5035474.0,847305.0
2007,8,café,BA,exp,2679240.0,9368215.625
2007,8,soja,BA,exp,19017560.0,8931757.8125
2007,9,MAP_k,BA,imp,28845610.0,13433641.0
2007,9,MOP_k,BA,imp,20483595.0,5406284.0
2007,9,NP_k,BA,imp,280000.0,127214.0
2007,9,café,BA,exp,4978500.0,17552015.625
2007,10,MAP_k,BA,imp,23116052.0,10761671.0
2007,10,MOP_k,BA,imp,21802567.0,5967920.0
2007,10,NP_k,BA,imp,1272000.0,548783.0
2007,10,UREIA_k,BA,imp,13000000.0,4160000.0
2007,10,café,BA,exp,4258680.0,15254500.0
2007,10,soja,BA,exp,94733102.0,47921743.75
2007,11,MOP_k,BA,imp,21195623.0,5723958.0
2007,11,NP_k,BA,imp,840000.0,415762.0
2007,11,SAM_k,BA,imp,4725000.0,803250.0
2007,11,UREIA_k,BA,imp,20034938.0,6413172.0
2007,11,café,BA,exp,4453800.0,16083810.9375
2007,11,soja,BA,exp,45226303.0,26018551.5625
2007,12,MOP_k,BA,imp,31650855.0,8781245.0
2007,12,NP_k,BA,imp,288000.0,131444.0
2007,12,SAM_k,BA,imp,3066819.0,797373.0
2007,12,café,BA,exp,3224340.0,12249790.625
2007,12,soja,BA,exp,28725220.0,18012642.1875
2008,1,MAP_k,BA,imp,11250000.0,6830912.0
2008,1,MOP_k,BA,imp,26951859.0,8821933.0
2008,1,NP_k,BA,imp,560000.0,277278.0
2008,1,UREIA_k,BA,imp,5501889.0,2511506.0
2008,1,café,BA,exp,2572140.0,9234183.58208955
2008,2,SAM_k,BA,imp,9875108.0,2885076.0
2008,2,café,BA,exp,3775800.0,14042683.58208955
2008,3,MAP_k,BA,imp,483000.0,376015.0
2008,3,NP_k,BA,imp,168000.0,73530.0
2008,3,SAM_k,BA,imp,1000000.0,258000.0
2008,3,café,BA,exp,1833600.0,6953661.19402985
2008,4,MAP_k,BA,imp,1000000.0,889190.0
2008,4,MOP_k,BA,imp,10772051.0,4888195.0
2008,4,café,BA,exp,2485140.0,9047450.746268656
2008,5,MAP_k,BA,imp,22154640.0,21189525.0
2008,5,MOP_k,BA,imp,47509101.0,23359879.0
2008,5,SAM_k,BA,imp,4000000.0,1208036.0
2008,5,café,BA,exp,2223180.0,8445532.835820895
2008,6,MAP_k,BA,imp,28870067.0,34674722.0
2008,6,MOP_k,BA,imp,10002175.0,5827269.0
2008,6,NP_k,BA,imp,210000.0,159770.0
2008,6,café,BA,exp,1812780.0,6456888.059701492
2008,6,soja,BA,exp,47223845.0,28369747.761194028
2008,7,MAP_k,BA,imp,22020340.0,26664618.0
2008,7,MOP_k,BA,imp,21260626.0,13953611.0
2008,7,NP_k,BA,imp,7155220.0,1800877.0
2008,7,SAM_k,BA,imp,950000.0,300052.0
2008,7,café,BA,exp,1473300.0,5675153.731343283
2008,8,MAP_k,BA,imp,3577701.0,4590884.0
2008,8,MOP_k,BA,imp,44432730.0,32567338.0
2008,8,UREIA_k,BA,imp,33058109.0,21691211.0
2008,8,café,BA,exp,262680.0,1034762.6865671641
2008,8,milho,BA,exp,23905387.0,10418467.164179103
2008,8,soja,BA,exp,30726260.0,16889571.641791042
2008,9,MAP_k,BA,imp,28090884.0,34285937.0
2008,9,MOP_k,BA,imp,23530899.0,19998482.0
2008,9,SAM_k,BA,imp,11093619.0,4336314.0
2008,9,café,BA,exp,292800.0,993568.6567164179
2008,9,soja,BA,exp,12189850.0,7361807.462686567
2008,10,MAP_k,BA,imp,11722685.0,14783112.0
2008,10,MOP_k,BA,imp,36277698.0,33295712.0
2008,10,café,BA,exp,2842680.0,10259967.164179105
2008,11,café,BA,exp,3113280.0,11110904.47761194
2008,11,soja,BA,exp,52607006.0,27995370.14925373
2008,12,NP_k,BA,imp,1008000.0,1602555.0
2008,12,café,BA,exp,3806160.0,12095085.074626863
2008,12,soja,BA,exp,11000000.0,6074626.865671641
2009,1,SAM_k,BA,imp,1425000.0,143141.0
2009,1,café,BA,exp,3403740.0,11132317.910447761
2009,1,soja,BA,exp,27862423.0,14936037.313432835
2009,2,SAM_k,BA,imp,1615420.0,137068.0
2009,2,café,BA,exp,3062760.0,9913701.492537312
2009,2,soja,BA,exp,4533275.0,2571111.9402985075
2009,3,SAM_k,BA,imp,1954373.0,165829.0
2009,3,café,BA,exp,3498020.0,11075038.80597015
2009,3,soja,BA,exp,59005775.0,33304423.880597014
2009,4,MAP_k,BA,imp,4200000.0,1667647.0
2009,4,MOP_k,BA,imp,5043680.0,3722465.0
2009,4,SAM_k,BA,imp,2500000.0,279891.0
2009,4,café,BA,exp,3172620.0,10203002.985074626
2009,4,soja,BA,exp,42174622.0,23812294.029850744
2009,5,MAP_k,BA,imp,17570676.0,5795494.0
2009,5,SAM_k,BA,imp,9000946.0,1362110.0
2009,5,café,BA,exp,2607000.0,8321749.253731343
2009,5,soja,BA,exp,150392914.0,86304597.01492538
2009,6,MAP_k,BA,imp,5558437.0,1961323.0
2009,6,MOP_k,BA,imp,32499430.0,24169600.0
2009,6,SAM_k,BA,imp,6128363.0,754845.0
2009,6,café,BA,exp,3278220.0,10771701.492537314
2009,6,soja,BA,exp,176262984.0,105225594.02985074
2009,7,MAP_k,BA,imp,18174950.0,4983156.0
2009,7,café,BA,exp,2691600.0,9390655.223880596
2009,7,soja,BA,exp,101004802.0,58978311.940298505
2009,8,MAP_k,BA,imp,13957048.0,4045469.0
2009,8,MOP_k,BA,imp,37993477.0,22302309.0
2009,8,SAM_k,BA,imp,12768004.0,1109950.0
2009,8,café,BA,exp,3208440.0,11598119.402985074
2009,8,soja,BA,exp,56279114.0,33844092.53731343
2009,9,MAP_k,BA,imp,25082443.0,7646521.0
2009,9,MOP_k,BA,imp,25277679.0,13850580.0
2009,9,café,BA,exp,2863140.0,9971032.835820895
2009,10,MAP_k,BA,imp,16523443.0,5362649.0
2009,10,MOP_k,BA,imp,7003360.0,3317894.0
2009,10,SAM_k,BA,imp,6865332.0,857292.0
2009,10,UREIA_k,BA,imp,5300049.0,1371804.0
2009,10,café,BA,exp,3458940.0,12967820.895522388
2009,10,soja,BA,exp,72445103.0,44732247.76119402
2009,11,MAP_k,BA,imp,8410700.0,2679707.0
2009,11,MOP_k,BA,imp,15300000.0,7740752.0
2009,11,NPK_k,BA,imp,1575000.0,456225.0
2009,11,café,BA,exp,3007400.0,10979682.089552237
2009,11,soja,BA,exp,7384766.0,4563123.880597015
2009,12,SAM_k,BA,imp,7455321.0,803121.0
2009,12,café,BA,exp,1530240.0,5905998.507462686
2010,1,MAP_k,BA,imp,11065162.0,3605365.0
2010,1,MOP_k,BA,imp,12190943.0,4999449.0
2010,1,café,BA,exp,836400.0,3068599.9999999995
2010,2,NP_k,BA,imp,621000.0,616234.0
2010,2,SAM_k,BA,imp,6000355.0,776337.0
2010,2,café,BA,exp,1434360.0,5586033.823529411
2010,3,MAP_k,BA,imp,8723344.0,4260627.0
2010,3,MOP_k,BA,imp,7107759.0,3149667.0
2010,3,NP_k,BA,imp,156000.0,143893.0
2010,3,café,BA,exp,2751740.0,10571920.588235294
2010,3,soja,BA,exp,2067790.0,1195683.8235294116
2010,4,MAP_k,BA,imp,11777889.0,6162487.0
2010,4,MOP_k,BA,imp,9177003.0,3647181.0
2010,4,café,BA,exp,2834540.0,10682586.764705881
2010,4,soja,BA,exp,89604202.0,47346805.88235293
2010,5,MAP_k,BA,imp,13955764.0,6429391.0
2010,5,MOP_k,BA,imp,10037140.0,3540686.0
2010,5,SAM_k,BA,imp,7873966.0,1121183.0
2010,5,café,BA,exp,1891800.0,7163429.411764706
2010,5,soja,BA,exp,330073461.0,176954879.4117647
2010,6,MAP_k,BA,imp,9902971.0,4596192.0
2010,6,MOP_k,BA,imp,31439169.0,11614684.0
2010,6,SAM_k,BA,imp,4000000.0,458253.0
2010,6,café,BA,exp,2569140.0,9306872.05882353
2010,6,soja,BA,exp,311227562.0,166763576.4705882
2010,7,MAP_k,BA,imp,15392823.0,7113567.0
2010,7,MOP_k,BA,imp,25807191.0,8768236.0
2010,7,SAM_k,BA,imp,5038261.0,552188.0
2010,7,café,BA,exp,165600.0,641860.294117647
2010,7,soja,BA,exp,280669352.0,157181307.3529412
2010,8,MAP_k,BA,imp,14190427.0,6410555.0
2010,8,MOP_k,BA,imp,10331246.0,3391247.0
2010,8,SAM_k,BA,imp,8107249.0,854936.0
2010,8,café,BA,exp,864000.0,3281929.4117647056
2010,8,soja,BA,exp,188188999.0,108961279.4117647
2010,9,MOP_k,BA,imp,38739442.0,13100733.0
2010,9,NP_k,BA,imp,144000.0,119079.0
2010,9,soja,BA,exp,238234729.0,145366432.35294116
2010,10,MAP_k,BA,imp,20855533.0,10513538.0
2010,10,MOP_k,BA,imp,29551636.0,9769050.0
2010,10,soja,BA,exp,34453251.0,20583650.0
2010,11,MAP_k,BA,imp,22729307.0,12450559.0
2010,11,MOP_k,BA,imp,43812854.0,15351198.0
2010,11,NP_k,BA,imp,1800000.0,1599737.0
2010,11,SAM_k,BA,imp,4008064.0,528178.0
2010,11,UREIA_k,BA,imp,11788591.0,3968684.0
2010,11,café,BA,exp,172800.0,625367.6470588235
2010,12,MOP_k,BA,imp,8045171.0,2820951.0
2010,12,SAM_k,BA,imp,6148566.0,972279.0
2010,12,café,BA,exp,163200.0,593388.2352941176
2011,1,MAP_k,BA,imp,9150123.0,5725748.0
2011,1,MOP_k,BA,imp,30503618.0,11248934.0
2011,1,SAM_k,BA,imp,2000000.0,407703.0
2011,1,café,BA,exp,192000.0,676114.2857142858
2011,2,SAM_k,BA,imp,4404017.0,862555.0
2011,2,café,BA,exp,386400.0,1481457.142857143
2011,3,MAP_k,BA,imp,31767710.0,19212323.0
2011,3,MOP_k,BA,imp,15331624.0,6136703.0
2011,3,SAM_k,BA,imp,2200000.0,443904.0
2011,3,café,BA,exp,91200.0,345965.7142857143
2011,4,MAP_k,BA,imp,14008649.0,8414908.0
2011,4,MOP_k,BA,imp,39744334.0,16436044.0
2011,4,NP_k,BA,imp,504000.0,437390.0
2011,4,SAM_k,BA,imp,3147385.0,626181.0
2011,5,MAP_k,BA,imp,21401039.0,13682681.0
2011,5,MOP_k,BA,imp,56360927.0,24800811.0
2011,5,SAM_k,BA,imp,5002500.0,940563.0
2011,5,soja,BA,exp,58662048.0,32696628.57142858
2011,6,MAP_k,BA,imp,17966159.0,11415085.0
2011,6,MOP_k,BA,imp,34991639.0,16367737.0
2011,6,SAM_k,BA,imp,9108790.0,1727839.0
2011,7,MAP_k,BA,imp,25467220.0,16820026.0
2011,7,MOP_k,BA,imp,43440663.0,20994850.0
2011,7,NP_k,BA,imp,1025000.0,1017767.0
2011,7,SAM_k,BA,imp,9002491.0,1822356.0
2011,7,soja,BA,exp,26692045.0,16254387.142857144
2011,8,MAP_k,BA,imp,34085162.0,22231957.0
2011,8,MOP_k,BA,imp,45783995.0,23694650.0
2011,8,SAM_k,BA,imp,4750000.0,1273615.0
2011,8,café,BA,exp,663000.0,2380577.142857143
2011,8,soja,BA,exp,22499466.0,11904467.142857144
2011,9,MAP_k,BA,imp,33453953.0,22676217.0
2011,9,MOP_k,BA,imp,54393785.0,28742469.0
2011,9,soja,BA,exp,47599643.0,27979254.285714287
2011,10,MAP_k,BA,imp,20269521.0,14015856.0
2011,10,MOP_k,BA,imp,40116685.0,20289579.0
2011,10,NP_k,BA,imp,4339200.0,4380670.0
2011,10,SAM_k,BA,imp,13582575.0,3176152.0
2011,11,MAP_k,BA,imp,5904530.0,4304239.0
2011,11,NP_k,BA,imp,130000.0,142651.0
2011,11,SAM_k,BA,imp,1544843.0,392612.0
2011,12,MAP_k,BA,imp,7889407.0,5316743.0
2011,12,MOP_k,BA,imp,8112690.0,4265891.0
2011,12,café,BA,exp,38400.0,130677.14285714288
2012,1,MAP_k,BA,imp,500000.0,563250.0
2012,1,SAM_k,BA,imp,2500000.0,573723.0
2012,2,MAP_k,BA,imp,11358215.0,6312614.0
2012,3,MAP_k,BA,imp,5240840.0,3000630.0
2012,3,MOP_k,BA,imp,1008000.0,543449.0
2012,3,SAM_k,BA,imp,4000000.0,793855.0
2012,4,MAP_k,BA,imp,14150000.0,7312236.0
2012,4,MOP_k,BA,imp,33827671.0,16102501.0
2012,4,SAM_k,BA,imp,4507519.0,873015.0
2012,5,MAP_k,BA,imp,12377942.0,6524105.0
2012,5,MOP_k,BA,imp,34316317.0,16869932.0
2012,5,SAM_k,BA,imp,6060847.0,1343564.0
2012,5,café,BA,exp,99600.0,379644.4444444445
2012,5,milho,BA,exp,24009585.0,8782505.555555556
2012,6,MAP_k,BA,imp,44258873.0,26076689.0
2012,6,MOP_k,BA,imp,107355041.0,52857713.0
2012,6,SAM_k,BA,imp,6052148.0,1518544.0
2012,6,café,BA,exp,242700.0,893980.5555555556
2012,6,milho,BA,exp,29379956.0,10329504.166666668
2012,7,MOP_k,BA,imp,43771499.0,21885251.0
2012,7,SAM_k,BA,imp,12248744.0,3074192.0
2012,7,café,BA,exp,241200.0,886026.388888889
2012,7,milho,BA,exp,81299098.0,29218204.166666668
2012,8,MOP_k,BA,imp,8649000.0,4376823.0
2012,8,café,BA,exp,95400.0,353727.7777777778
2012,8,milho,BA,exp,55907360.0,17962154.166666668
2012,9,MAP_k,BA,imp,23579666.0,13953905.0
2012,9,café,BA,exp,56400.0,213484.72222222225
2012,9,milho,BA,exp,41884424.0,16259720.833333332
2012,10,MAP_k,BA,imp,34014877.0,20215768.0
2012,10,MOP_k,BA,imp,41748229.0,20746552.0
2012,10,SAM_k,BA,imp,12911924.0,2520693.0
2012,10,milho,BA,exp,3000000.0,1075208.3333333335
2012,11,MAP_k,BA,imp,24215426.0,14155601.0
2012,11,MOP_k,BA,imp,42570743.0,21278994.0
2012,11,NP_k,BA,imp,4029380.0,3858001.0
2012,11,café,BA,exp,116400.0,383773.6111111111
2012,11,milho,BA,exp,3030417.0,1309476.388888889
2012,12,MOP_k,BA,imp,30383406.0,14591319.0
2012,12,SAM_k,BA,imp,1953466.0,411442.0
2012,12,café,BA,exp,532800.0,1916666.6666666667
2013,1,MAP_k,BA,imp,4674955.0,2468045.0
2013,1,SAM_k,BA,imp,5317283.0,1324439.0
2013,1,café,BA,exp,120600.0,456427.39726027404
2013,2,MOP_k,BA,imp,3000000.0,1332601.0
2013,2,SAM_k,BA,imp,4415065.0,882308.0
2013,2,café,BA,exp,227760.0,833623.2876712328
2013,3,MAP_k,BA,imp,7650000.0,3975643.0
2013,3,SAM_k,BA,imp,3150000.0,683048.0
2013,3,café,BA,exp,176400.0,645606.8493150685
2013,4,MAP_k,BA,imp,8944423.0,4687035.0
2013,4,MOP_k,BA,imp,3500280.0,1432863.0
2013,4,café,BA,exp,410400.0,1625709.589041096
2013,5,MAP_k,BA,imp,5496249.0,2726223.0
2013,5,MOP_k,BA,imp,43712153.0,17616789.0
2013,5,NP_k,BA,imp,1238070.3274001104,2374448.0
2013,5,SAM_k,BA,imp,2059590.0,487304.0
2013,5,café,BA,exp,97200.0,361546.5753424658
2013,6,MAP_k,BA,imp,7500700.0,4035022.0
2013,6,MOP_k,BA,imp,31863507.0,13296021.0
2013,6,SAM_k,BA,imp,5653847.0,1265369.0
2013,6,UREIA_k,BA,imp,7164975.0,2862583.0
2013,6,café,BA,exp,122400.0,457386.30136986304
2013,6,milho,BA,exp,25609593.0,9395604.109589042
2013,7,MAP_k,BA,imp,46851673.0,24908350.0
2013,7,MOP_k,BA,imp,59617739.0,25028330.0
2013,7,SAM_k,BA,imp,2000000.0,351057.0
2013,7,café,BA,exp,1370640.0,4746293.150684931
2013,7,milho,BA,exp,72945485.0,25027019.178082194
2013,8,MAP_k,BA,imp,32760040.0,16718990.0
2013,8,MOP_k,BA,imp,28221460.0,11491480.0
2013,8,SAM_k,BA,imp,6907223.0,1198789.0
2013,8,UREIA_k,BA,imp,11220358.0,4043430.0
2013,8,café,BA,exp,1287600.0,4306198.630136986
2013,8,milho,BA,exp,37321657.0,12578158.90410959
2013,9,MAP_k,BA,imp,18421642.0,8760143.0
2013,9,MOP_k,BA,imp,23854134.0,9121270.0
2013,9,NPK_k,BA,imp,3300000.0,1229642.0
2013,9,NP_k,BA,imp,324324.0,517250.0
2013,9,UREIA_k,BA,imp,3402614.0,1201920.0
2013,9,café,BA,exp,1848600.0,6168412.328767124
2013,9,milho,BA,exp,29534916.0,8455886.301369863
2013,10,MAP_k,BA,imp,26330070.0,13138931.0
2013,10,MOP_k,BA,imp,104463556.0,40866879.0
2013,10,NP_k,BA,imp,4632258.0,4901099.0
2013,10,SAM_k,BA,imp,22418352.0,3565561.0
2013,10,café,BA,exp,2286480.0,7388757.534246575
2013,11,MAP_k,BA,imp,14008192.0,6326289.0
2013,11,MOP_k,BA,imp,38541580.0,14653566.0
2013,11,SAM_k,BA,imp,4066170.0,463610.0
2013,11,UREIA_k,BA,imp,9887785.0,3156235.0
2013,11,café,BA,exp,1705980.0,5346805.479452055
2013,12,MAP_k,BA,imp,17181817.0,7318711.0
2013,12,MOP_k,BA,imp,21289647.0,7678806.0
2013,12,NP_k,BA,imp,3001700.0,3004103.0
2013,12,SAM_k,BA,imp,1500000.0,194491.0
2013,12,café,BA,exp,861000.0,2859182.1917808224
2014,1,MAP_k,BA,imp,19275598.0,7889014.0
2014,1,MOP_k,BA,imp,17566539.0,6065077.0
2014,1,NPK_k,BA,imp,1650000.0,522658.0
2014,1,SAM_k,BA,imp,1575000.0,209359.0
2014,1,café,BA,exp,2020560.0,6527963.513513514
2014,2,MOP_k,BA,imp,25014765.0,7303923.0
2014,2,NP_k,BA,imp,4605340.0,4207551.0
2014,2,SAM_k,BA,imp,5000000.0,540271.0
2014,2,UREIA_k,BA,imp,21318322.0,6843626.0
2014,2,café,BA,exp,2252400.0,7593078.378378378
2014,2,milho,BA,exp,6100000.0,1648648.6486486488
2014,3,MAP_k,BA,imp,780000.0,782712.0
2014,3,MOP_k,BA,imp,28280601.0,8320218.0
2014,3,NP_k,BA,imp,144000.0,127054.0
2014,3,SAM_k,BA,imp,5203957.0,767113.0
2014,3,café,BA,exp,844740.0,2988033.7837837837
2014,4,MAP_k,BA,imp,5648018.0,2941843.0
2014,4,MOP_k,BA,imp,10063370.0,2766882.0
2014,4,café,BA,exp,714540.0,2545948.6486486485
2014,5,MAP_k,BA,imp,26250000.0,13176060.0
2014,5,MOP_k,BA,imp,48142412.0,14476868.0
2014,5,NPK_k,BA,imp,3300000.0,1200752.0
2014,5,SAM_k,BA,imp,5401065.0,801037.0
2014,5,café,BA,exp,136800.0,459068.91891891893
2014,6,MAP_k,BA,imp,25836515.0,12240565.0
2014,6,MOP_k,BA,imp,35038520.0,10658043.0
2014,6,NP_k,BA,imp,1077586.5617435044,2387629.0
2014,6,café,BA,exp,76620.0,244016.2162162162
2014,7,MAP_k,BA,imp,34951688.0,16079104.0
2014,7,MOP_k,BA,imp,93164257.0,29028637.0
2014,7,NP_k,BA,imp,164736.0,409895.0
2014,7,SAM_k,BA,imp,5132316.0,686764.0
2014,7,café,BA,exp,38400.0,153333.7837837838
2014,7,milho,BA,exp,27155950.0,8611232.432432432
2014,8,MAP_k,BA,imp,6402000.0,3257455.0
2014,8,MOP_k,BA,imp,60643271.0,20020760.0
2014,8,NP_k,BA,imp,136747.0,293842.0
2014,8,SAM_k,BA,imp,9303329.0,1167033.0
2014,8,UREIA_k,BA,imp,5264477.0,1697824.0
2014,8,café,BA,exp,192000.0,596995.945945946
2014,9,MAP_k,BA,imp,54877161.0,26336602.0
2014,9,MOP_k,BA,imp,30910484.0,10295691.0
2014,9,NP_k,BA,imp,125199.0,196558.0
2014,9,SAM_k,BA,imp,8407686.0,1059385.0
2014,9,UREIA_k,BA,imp,1832940.0,635142.0
2014,9,café,BA,exp,288000.0,1022306.7567567567
2014,10,MAP_k,BA,imp,21670782.0,11074967.0
2014,10,MOP_k,BA,imp,69132686.0,22992268.0
2014,10,NPK_k,BA,imp,5202436.0,1845625.0
2014,10,NP_k,BA,imp,3901300.0,3612946.0
2014,10,UREIA_k,BA,imp,28026405.0,8496887.0
2014,10,café,BA,exp,326400.0,1134758.1081081082
2014,10,soja,BA,exp,9604222.0,5796797.297297297
2014,11,MAP_k,BA,imp,10404297.0,5120205.0
2014,11,MOP_k,BA,imp,62566203.0,21217625.0
2014,11,NP_k,BA,imp,1125311.327748314,2497248.0
2014,11,SAM_k,BA,imp,11574740.0,1759204.0
2014,11,UREIA_k,BA,imp,3323500.0,1240422.0
2014,11,café,BA,exp,206400.0,697337.8378378379
2014,12,MAP_k,BA,imp,13156228.0,6444335.0
2014,12,MOP_k,BA,imp,7737854.0,2611739.0
2014,12,NPK_k,BA,imp,2461944.0,782459.0
2014,12,SAM_k,BA,imp,1656229.0,362914.0
2014,12,UREIA_k,BA,imp,6300832.0,2210155.0
2014,12,café,BA,exp,356400.0,1320129.72972973
2014,12,milho,BA,exp,22585893.0,5585429.72972973
2015,1,MAP_k,BA,imp,9061396.0,4761687.0
2015,1,MOP_k,BA,imp,14295646.0,4681797.0
2015,1,UREIA_k,BA,imp,2681783.0,852542.0
2015,1,café,BA,exp,189600.0,651250.0
2015,1,milho,BA,exp,7486339.0,1851351.351351352
2015,2,MAP_k,BA,imp,9885437.0,5020617.0
2015,2,MOP_k,BA,imp,42669272.0,14324930.0
2015,2,NP_k,BA,imp,1084016.4103106835,2013232.0
2015,2,SAM_k,BA,imp,3000424.0,665966.0
2015,2,café,BA,exp,565200.0,2018835.135135135
2015,2,milho,BA,exp,66999842.0,16274614.864864863
2015,3,MAP_k,BA,imp,9315162.0,4794651.0
2015,3,MOP_k,BA,imp,10055112.0,3403462.0
2015,3,SAM_k,BA,imp,5380114.0,792078.0
2015,3,café,BA,exp,1840025.0,6686722.972972973
2015,3,soja,BA,exp,50533898.0,26713158.108108107
2015,4,MAP_k,BA,imp,1098000.0,823744.0
2015,4,MOP_k,BA,imp,18098492.0,6156826.0
2015,4,SAM_k,BA,imp,2200700.0,343146.0
2015,4,café,BA,exp,1254120.0,4238831.081081081
2015,4,soja,BA,exp,280292874.0,146666378.37837836
2015,5,MAP_k,BA,imp,12680729.0,6648237.0
2015,5,MOP_k,BA,imp,23948298.0,7970500.0
2015,5,café,BA,exp,2716555.0,9026282.432432434
2015,5,soja,BA,exp,268055397.0,140103747.2972973
2015,6,MAP_k,BA,imp,37551889.0,17304670.0
2015,6,MOP_k,BA,imp,40635271.0,12628948.0
2015,6,SAM_k,BA,imp,9744090.0,1522727.0
2015,6,café,BA,exp,1442955.0,5179493.243243244
2015,6,soja,BA,exp,321722492.0,170000685.13513514
2015,7,MAP_k,BA,imp,15628826.0,7251861.0
2015,7,MOP_k,BA,imp,17386980.0,5693295.0
2015,7,SAM_k,BA,imp,8000000.0,1138661.0
2015,7,UREIA_k,BA,imp,1152000.0,330321.0
2015,7,café,BA,exp,2288510.0,7528086.486486486
2015,7,milho,BA,exp,30141153.0,6822900.0
2015,7,soja,BA,exp,372132336.0,194818725.6756757
2015,8,MAP_k,BA,imp,19938994.0,10032050.0
2015,8,MOP_k,BA,imp,61438582.0,19124770.0
2015,8,NP_k,BA,imp,147552.0,259694.0
2015,8,UREIA_k,BA,imp,3689138.0,947289.0
2015,8,café,BA,exp,2634891.0,8161728.378378379
2015,8,soja,BA,exp,339733186.0,178674666.21621624
2015,9,MAP_k,BA,imp,20865745.0,9599869.0
2015,9,MOP_k,BA,imp,88807112.0,27869555.0
2015,9,NP_k,BA,imp,6150411.0,5758907.0
2015,9,SAM_k,BA,imp,8353953.0,1220100.0
2015,9,UREIA_k,BA,imp,4867613.0,1422953.0
2015,9,café,BA,exp,2996232.0,10170666.216216216
2015,9,soja,BA,exp,355228451.0,183928967.5675676
2015,10,MAP_k,BA,imp,15495784.0,7081901.0
2015,10,MOP_k,BA,imp,40048831.0,12075960.0
2015,10,NPK_k,BA,imp,3371413.0,1195517.0
2015,10,NP_k,BA,imp,188645.0,341472.0
2015,10,SAM_k,BA,imp,10946623.0,1417578.0
2015,10,café,BA,exp,3946716.0,12674281.081081083
2015,10,soja,BA,exp,383904316.0,197579856.75675675
2015,11,MAP_k,BA,imp,13158585.0,6600318.0
2015,11,MOP_k,BA,imp,23936357.0,6812677.0
2015,11,NP_k,BA,imp,5398567.0,4359094.0
2015,11,café,BA,exp,3132043.0,10359422.972972972
2015,11,soja,BA,exp,146037126.0,74363489.1891892
2015,12,MOP_k,BA,imp,24229766.0,6680342.0
2015,12,NPK_k,BA,imp,4775000.0,1651918.0
2015,12,NP_k,BA,imp,1645207.0,1549193.0
2015,12,café,BA,exp,1584612.0,4856983.783783784
2015,12,soja,BA,exp,92227556.0,50555931.08108108
2016,1,MAP_k,BA,imp,600000.0,403568.0
2016,1,NP_k,BA,imp,523236.0,386143.0
2016,1,SAM_k,BA,imp,3625000.0,614437.0
2016,1,café,BA,exp,1537339.0,4975704.0
2016,2,MAP_k,BA,imp,11233838.0,4780392.0
2016,2,MOP_k,BA,imp,14008146.0,3584253.0
2016,2,NP_k,BA,imp,250000.0,185841.0
2016,2,SAM_k,BA,imp,6616800.0,961234.0
2016,2,café,BA,exp,2286449.0,7396285.333333333
2016,2,milho,BA,exp,23668020.0,5346132.0
2016,3,MAP_k,BA,imp,6667527.0,2431966.0
2016,3,MOP_k,BA,imp,8976100.0,2884870.0
2016,3,café,BA,exp,1518818.0,5153301.333333333
2016,3,soja,BA,exp,106983442.0,50764190.666666664
2016,4,MAP_k,BA,imp,1816678.0,856415.0
2016,4,MOP_k,BA,imp,18066534.0,3814679.0
2016,4,SAM_k,BA,imp,4827151.0,653179.0
2016,4,café,BA,exp,1186322.0,3855324.0
2016,4,soja,BA,exp,319234647.0,150256325.33333334
2016,5,MAP_k,BA,imp,11943750.0,4391523.0
2016,5,MOP_k,BA,imp,50783760.0,10643679.0
2016,5,NP_k,BA,imp,5002000.0,3919786.0
2016,5,SAM_k,BA,imp,6890000.0,975846.0
2016,5,café,BA,exp,1216646.0,3903252.0
2016,5,soja,BA,exp,352879352.0,170112385.3333333
2016,6,MAP_k,BA,imp,1486000.0,922043.0
2016,6,MOP_k,BA,imp,7150088.0,1614368.0
2016,6,café,BA,exp,2123096.0,6793698.666666667
2016,6,soja,BA,exp,81547725.0,40719837.333333336
2016,7,MAP_k,BA,imp,39426041.0,14396939.0
2016,7,MOP_k,BA,imp,72533348.0,15634509.0
2016,7,NPK_k,BA,imp,4033202.0,1122631.0
2016,7,SAM_k,BA,imp,5200000.0,646909.0
2016,7,café,BA,exp,915295.0,3000742.666666667
2016,7,soja,BA,exp,72102331.0,37071554.666666664
2016,8,MAP_k,BA,imp,27615043.0,9578475.0
2016,8,MOP_k,BA,imp,35824874.0,7632801.0
2016,8,SAM_k,BA,imp,8962330.0,1128192.0
2016,8,café,BA,exp,753870.0,2601764.0
2016,8,soja,BA,exp,247868791.0,127560088.0
2016,9,MAP_k,BA,imp,1974140.0,967972.0
2016,9,MOP_k,BA,imp,29602665.0,5979409.0
2016,9,NPK_k,BA,imp,5164131.0,862355.0
2016,9,NP_k,BA,imp,1251300.0,983899.0
2016,9,SAM_k,BA,imp,5400780.0,839449.0
2016,9,café,BA,exp,1389135.0,5053622.666666667
2016,9,soja,BA,exp,71853729.0,39287499.99999999
2016,10,MAP_k,BA,imp,17671751.0,6538402.0
2016,10,MOP_k,BA,imp,25613041.0,5367789.0
2016,10,NPK_k,BA,imp,5023453.0,825880.0
2016,10,NP_k,BA,imp,140101.0,328696.0
2016,10,SAM_k,BA,imp,1272396.0,162746.0
2016,10,café,BA,exp,700744.0,2586837.3333333335
2016,10,soja,BA,exp,70342795.0,37333804.0
2016,11,MAP_k,BA,imp,300000.0,175176.0
2016,11,NP_k,BA,imp,132431.0,293465.0
2016,11,café,BA,exp,482400.0,1776632.0
2016,12,MAP_k,BA,imp,6030500.0,2423202.0
2016,12,MOP_k,BA,imp,5006440.0,1117819.0
2016,12,NP_k,BA,imp,115957.0,219708.0
2016,12,SAM_k,BA,imp,3000000.0,363962.0
2016,12,café,BA,exp,1070084.0,4014434.666666667
2016,12,soja,BA,exp,70405782.0,38954441.333333336
2017,1,MAP_k,BA,imp,60911490.0,21431753.0
2017,1,MOP_k,BA,imp,129030846.0,27785893.0
2017,1,NPK_k,BA,imp,7268123.0,1928752.0
2017,1,NP_k,BA,imp,1053561.816286063,2031967.0
2017,1,SAM_k,BA,imp,6001866.0,713284.0
2017,1,UREIA_k,BA,imp,30804902.0,6165050.0
2017,1,café,BA,exp,2261112.0,8128161.038961039
2017,2,MAP_k,BA,imp,11022888.0,4172301.0
2017,2,MOP_k,BA,imp,12593650.0,2902594.0
2017,2,NP_k,BA,imp,1250000.0,982876.0
2017,2,SAM_k,BA,imp,4790000.0,558196.0
2017,2,UREIA_k,BA,imp,5002676.0,1098482.0
2017,2,café,BA,exp,990384.0,3452887.012987013
2017,2,soja,BA,exp,2780000.0,1426831.168831169
2017,3,MAP_k,BA,imp,16605218.0,5946978.0
2017,3,MOP_k,BA,imp,23312647.0,5091609.0
2017,3,NPK_k,BA,imp,1631206.0,447164.0
2017,3,NP_k,BA,imp,1392727.0,1061954.0
2017,3,SAM_k,BA,imp,13094598.0,1601334.0
2017,3,UREIA_k,BA,imp,5002341.0,1511247.0
2017,3,café,BA,exp,1300587.0,4845381.818181818
2017,3,soja,BA,exp,175943528.0,91047551.94805194
2017,4,MAP_k,BA,imp,432000.0,252958.0
2017,4,MOP_k,BA,imp,24266410.0,5584424.0
2017,4,NP_k,BA,imp,2001612.0,1509990.0
2017,4,UREIA_k,BA,imp,5002340.0,1374732.0
2017,4,café,BA,exp,1665918.0,5802996.103896104
2017,4,soja,BA,exp,301015884.0,149923607.7922078
2017,5,MAP_k,BA,imp,27198712.0,10381130.0
2017,5,MOP_k,BA,imp,24557327.0,5800415.0
2017,5,SAM_k,BA,imp,3040366.0,372469.0
2017,5,café,BA,exp,1359068.0,4812590.909090909
2017,5,soja,BA,exp,460764858.0,221566319.48051947
2017,6,MAP_k,BA,imp,7376180.0,3071437.0
2017,6,MOP_k,BA,imp,34021708.0,8480923.0
2017,6,NPK_k,BA,imp,6500000.0,1336714.0
2017,6,NP_k,BA,imp,1150154.0,635615.0
2017,6,café,BA,exp,1043701.0,3546890.909090909
2017,6,soja,BA,exp,369468355.0,177215279.22077924
2017,7,MAP_k,BA,imp,35397594.0,13315403.0
2017,7,MOP_k,BA,imp,33710561.0,8522620.0
2017,7,NPK_k,BA,imp,8608644.0,2391180.0
2017,7,NP_k,BA,imp,1423272.04892068,2771151.0
2017,7,café,BA,exp,993746.0,3254012.987012987
2017,7,soja,BA,exp,290662209.0,138412668.83116883
2017,8,MAP_k,BA,imp,36478504.0,13575544.0
2017,8,MOP_k,BA,imp,74323943.0,18817948.0
2017,8,NP_k,BA,imp,1336587.0477240842,2598770.0
2017,8,SAM_k,BA,imp,6503150.0,708211.0
2017,8,café,BA,exp,928340.0,3201633.766233766
2017,8,soja,BA,exp,537651279.0,265734859.74025974
2017,9,MAP_k,BA,imp,31333054.0,11096571.0
2017,9,MOP_k,BA,imp,52329945.0,13731565.0
2017,9,UREIA_k,BA,imp,25991059.0,1936336.0
2017,9,café,BA,exp,1387481.0,4754190.909090909
2017,9,soja,BA,exp,322326410.0,160313758.44155845
2017,10,MAP_k,BA,imp,8994242.0,3292175.0
2017,10,MOP_k,BA,imp,42192650.0,11544900.0
2017,10,NPK_k,BA,imp,5530211.0,1070215.0
2017,10,NP_k,BA,imp,127140.0,372015.0
2017,10,SAM_k,BA,imp,7503833.0,799959.0
2017,10,UREIA_k,BA,imp,9482049.0,2028901.0
2017,10,café,BA,exp,1664840.0,6091592.207792208
2017,10,soja,BA,exp,321316222.0,157479207.79220778
2017,11,MAP_k,BA,imp,10020475.0,3597391.0
2017,11,MOP_k,BA,imp,28453702.0,7549857.0
2017,11,NPK_k,BA,imp,2480100.0,694471.0
2017,11,NP_k,BA,imp,962746.5392045922,1872534.0
2017,11,UREIA_k,BA,imp,6792664.0,1252018.0
2017,11,café,BA,exp,796216.0,2690709.090909091
2017,11,soja,BA,exp,171750559.0,84613648.05194806
2017,12,MAP_k,BA,imp,16829811.0,6037474.0
2017,12,MOP_k,BA,imp,64937772.0,17172224.0
2017,12,NP_k,BA,imp,958752.0449450572,1864591.0
2017,12,SAM_k,BA,imp,8151320.0,1145535.0
2017,12,UREIA_k,BA,imp,11155619.0,3009818.0
2017,12,café,BA,exp,975035.0,3452366.2337662335
2017,12,milho,BA,exp,21702900.0,4593687.012987013
2017,12,soja,BA,exp,141749248.0,69171071.42857143
2018,1,MAP_k,BA,imp,12137880.0,4972938.0
2018,1,MOP_k,BA,imp,32181898.0,8787952.0
2018,1,NPK_k,BA,imp,4443404.0,1222358.0
2018,1,UREIA_k,BA,imp,8084967.0,2096714.0
2018,1,café,BA,exp,1743210.0,5771307.692307692
2018,1,soja,BA,exp,11357360.0,5271735.897435897
2018,2,MAP_k,BA,imp,7528076.0,2954770.0
2018,2,MOP_k,BA,imp,12014476.0,3252458.0
2018,2,UREIA_k,BA,imp,14470000.0,2972680.0
2018,2,café,BA,exp,1672795.0,5370683.333333333
2018,2,soja,BA,exp,29507738.0,14418898.717948718
2018,3,MAP_k,BA,imp,1480000.0,913423.0
2018,3,MOP_k,BA,imp,5006521.0,1320802.0
2018,3,NP_k,BA,imp,1503521.0,1129467.0
2018,3,UREIA_k,BA,imp,4410420.0,1085664.0
2018,3,café,BA,exp,726950.0,2285146.153846154
2018,3,soja,BA,exp,190775222.0,97862235.89743589
2018,4,MAP_k,BA,imp,4848300.0,1941925.0
2018,4,MOP_k,BA,imp,25382002.0,6281045.0
2018,4,NP_k,BA,imp,2486582.2893998353,3376981.0
2018,4,café,BA,exp,1039680.0,3211543.5897435895
2018,4,soja,BA,exp,233949677.0,123023233.33333331
2018,5,MAP_k,BA,imp,7234184.0,3433922.0
2018,5,MOP_k,BA,imp,5239451.0,1274200.0
2018,5,NPK_k,BA,imp,1575000.0,474818.0
2018,5,café,BA,exp,358280.0,1087369.2307692308
2018,5,soja,BA,exp,385286089.0,203378632.05128205
2018,6,MAP_k,BA,imp,4589801.0,2210698.0
2018,6,MOP_k,BA,imp,3250000.0,944885.0
2018,6,NPK_k,BA,imp,10545970.0,2762701.0
2018,6,SAM_k,BA,imp,3283305.0,433456.0
2018,6,UREIA_k,BA,imp,7600558.0,1964485.0
2018,6,café,BA,exp,1135015.0,3445557.692307692
2018,6,soja,BA,exp,233778392.0,121452528.2051282
2018,7,MAP_k,BA,imp,44065107.0,18126437.0
2018,7,MOP_k,BA,imp,94528086.0,26805611.0
2018,7,NPK_k,BA,imp,1901342.0,554511.0
2018,7,NP_k,BA,imp,994900.4178617202,2260078.0
2018,7,SAM_k,BA,imp,10898417.0,1415926.0
2018,7,UREIA_k,BA,imp,3173352.0,810363.0
2018,7,café,BA,exp,175260.0,542364.1025641026
2018,7,soja,BA,exp,515603399.0,262918106.41025645
2018,8,MAP_k,BA,imp,25982105.0,10812943.0
2018,8,MOP_k,BA,imp,74571974.0,21758622.0
2018,8,NPK_k,BA,imp,5632602.0,1052683.0
2018,8,SAM_k,BA,imp,2029677.0,358187.0
2018,8,UREIA_k,BA,imp,16538219.0,4409368.0
2018,8,café,BA,exp,338400.0,1051024.358974359
2018,8,soja,BA,exp,533921849.0,269361821.7948718
2018,9,MAP_k,BA,imp,22888696.0,10068367.0
2018,9,MOP_k,BA,imp,118035657.0,35175911.0
2018,9,NPK_k,BA,imp,5253511.0,1013722.0
2018,9,NP_k,BA,imp,5005173.0,3776513.0
2018,9,SAM_k,BA,imp,13998700.0,1854203.0
2018,9,UREIA_k,BA,imp,8404839.0,2124906.0
2018,9,café,BA,exp,49860.0,155798.71794871794
2018,9,soja,BA,exp,312900272.0,155755620.5128205
2018,10,MAP_k,BA,imp,12364000.0,6266324.0
2018,10,MOP_k,BA,imp,21345601.0,6616792.0
2018,10,SAM_k,BA,imp,1425706.0,258560.0
2018,10,UREIA_k,BA,imp,7808933.0,2263819.0
2018,10,café,BA,exp,251855.0,852144.8717948718
2018,10,soja,BA,exp,518043618.0,258181711.53846157
2018,11,MAP_k,BA,imp,26322025.0,11575279.0
2018,11,MOP_k,BA,imp,116173950.0,36887288.0
2018,11,NPK_k,BA,imp,2287921.0,688735.0
2018,11,SAM_k,BA,imp,2665818.0,524786.0
2018,11,UREIA_k,BA,imp,64606676.0,18476837.0
2018,11,café,BA,exp,1186000.0,3435824.358974359
2018,11,soja,BA,exp,553006053.0,275945326.9230769
2018,12,MAP_k,BA,imp,7893942.0,3512188.0
2018,12,MOP_k,BA,imp,35844049.0,11388661.0
2018,12,NPK_k,BA,imp,3005202.0,1040584.0
2018,12,SAM_k,BA,imp,7789706.0,1134354.0
2018,12,UREIA_k,BA,imp,20309118.0,6353663.0
2018,12,café,BA,exp,3125990.0,9209635.897435898
2018,12,soja,BA,exp,493681704.0,247257771.79487178
2019,1,MAP_k,BA,imp,33572028.0,14541200.0
2019,1,MOP_k,BA,imp,51351080.0,16835143.0
2019,1,NPK_k,BA,imp,3500000.0,1231327.0
2019,1,NP_k,BA,imp,8601308.0,6024819.0
2019,1,SAM_k,BA,imp,5000002.0,658256.0
2019,1,UREIA_k,BA,imp,2000000.0,583456.0
2019,1,café,BA,exp,1572070.0,4902520.0
2019,1,soja,BA,exp,160792401.0,78954762.5
2019,2,MAP_k,BA,imp,2816000.0,1414435.0
2019,2,MOP_k,BA,imp,31533719.0,10168757.0
2019,2,NP_k,BA,imp,1015207.0,541067.0
2019,2,UREIA_k,BA,imp,2000000.0,640092.0
2019,2,café,BA,exp,542560.0,1689372.5
2019,2,soja,BA,exp,71483947.0,34675133.75
2019,3,MAP_k,BA,imp,5473738.0,2374931.0
2019,3,MOP_k,BA,imp,36167014.0,11716948.0
2019,3,NPK_k,BA,imp,2127012.0,710719.0
2019,3,SAM_k,BA,imp,12002927.0,1840416.0
2019,3,café,BA,exp,361390.0,998135.0
2019,3,soja,BA,exp,99626907.0,43956075.0
2019,4,MAP_k,BA,imp,9100000.0,3806632.0
2019,4,MOP_k,BA,imp,22930000.0,7797419.0
2019,4,NPK_k,BA,imp,2000000.0,638890.0
2019,4,SAM_k,BA,imp,8960581.0,1205547.0
2019,4,café,BA,exp,430400.0,1335788.75
2019,4,soja,BA,exp,209978382.0,92212727.5
2019,5,MAP_k,BA,imp,6850000.0,3035454.0
2019,5,MOP_k,BA,imp,32645088.0,10843432.0
2019,5,NPK_k,BA,imp,4000000.0,1248855.0
2019,5,NP_k,BA,imp,5049500.0,3848588.0
2019,5,SAM_k,BA,imp,9368820.0,1275687.0
2019,5,UREIA_k,BA,imp,3000000.0,851410.0
2019,5,café,BA,exp,200040.0,674685.0
2019,5,soja,BA,exp,394153946.0,171533971.25
2019,6,MAP_k,BA,imp,32222298.0,12927687.0
2019,6,MOP_k,BA,imp,13650000.0,4698910.0
2019,6,SAM_k,BA,imp,7450000.0,1036894.0
2019,6,UREIA_k,BA,imp,7000000.0,1787005.0
2019,6,café,BA,exp,19200.0,57600.0
2019,6,soja,BA,exp,233883075.0,98160346.25
2019,7,MAP_k,BA,imp,39302000.0,14975770.0
2019,7,MOP_k,BA,imp,34355000.0,11451143.0
2019,7,SAM_k,BA,imp,8450000.0,1376108.0
2019,7,UREIA_k,BA,imp,9045000.0,2306251.0
2019,7,café,BA,exp,273537.0,787435.0
2019,7,soja,BA,exp,219581341.0,94554890.0
2019,8,MAP_k,BA,imp,8980733.0,3743743.0
2019,8,MOP_k,BA,imp,53027320.0,17372308.0
2019,8,NP_k,BA,imp,1134946.730284805,2565019.0
2019,8,SAM_k,BA,imp,22800375.0,3038472.0
2019,8,UREIA_k,BA,imp,15599947.0,4184297.0
2019,8,café,BA,exp,924250.0,2604547.5
2019,8,soja,BA,exp,484777525.0,208972232.5
2019,9,MAP_k,BA,imp,25173500.0,9194369.0
2019,9,MOP_k,BA,imp,27600000.0,9221520.0
2019,9,NPK_k,BA,imp,2761750.0,864112.0
2019,9,UREIA_k,BA,imp,11875000.0,3433253.0
2019,9,café,BA,exp,96800.0,284697.5
2019,9,soja,BA,exp,528925612.0,230852947.5
2019,10,MAP_k,BA,imp,5788000.0,2258764.0
2019,10,MOP_k,BA,imp,38300350.0,12683859.0
2019,10,NPK_k,BA,imp,3399840.0,991600.0
2019,10,NP_k,BA,imp,144000.0,103354.0
2019,10,SAM_k,BA,imp,7450000.0,1126463.0
2019,10,UREIA_k,BA,imp,23767000.0,6551540.0
2019,10,café,BA,exp,1579155.0,5193735.0
2019,10,milho,BA,exp,3500019.0,685281.25
2019,10,soja,BA,exp,535572700.0,236462642.5
2019,11,MAP_k,BA,imp,41466393.0,14714972.0
2019,11,MOP_k,BA,imp,102762671.0,32962551.0
2019,11,SAM_k,BA,imp,27216752.0,4563831.0
2019,11,UREIA_k,BA,imp,30233000.0,8154149.0
2019,11,café,BA,exp,845018.0,2408098.75
2019,11,soja,BA,exp,292956753.0,133349050.0
2019,12,MAP_k,BA,imp,5500000.0,1736720.0
2019,12,MOP_k,BA,imp,42666000.0,13676438.0
2019,12,NPK_k,BA,imp,1805000.0,504137.0
2019,12,NP_k,BA,imp,982169.63349452,2218092.0
2019,12,SAM_k,BA,imp,2650000.0,326069.0
2019,12,UREIA_k,BA,imp,42160700.0,11241280.0
2019,12,café,BA,exp,905822.0,2752635.0
2019,12,soja,BA,exp,15196703.0,7031881.25
2020,1,MAP_k,BA,imp,30491786.0,9376281.0
2020,1,MOP_k,BA,imp,14020000.0,4245109.0
2020,1,NP_k,BA,imp,168000.0,117389.0
2020,1,SAM_k,BA,imp,13800000.0,1912040.0
2020,1,UREIA_k,BA,imp,31696000.0,8237032.0
2020,1,café,BA,exp,1251545.0,3668020.9876543204
2020,1,soja,BA,exp,21131163.0,9422583.950617284
2020,2,MAP_k,BA,imp,2148800.0,958607.0
2020,2,MOP_k,BA,imp,24200000.0,6587735.0
2020,2,NPK_k,BA,imp,4399679.0,1149196.0
2020,2,SAM_k,BA,imp,8200380.0,991905.0
2020,2,UREIA_k,BA,imp,18981700.0,4524807.0
2020,2,café,BA,exp,2152961.0,6395497.530864197
2020,2,soja,BA,exp,4044796.0,1703122.2222222222
2020,3,MAP_k,BA,imp,7548800.0,2783249.0
2020,3,MOP_k,BA,imp,4700000.0,1198641.0
2020,3,NP_k,BA,imp,759277.0272650471,1698265.0
2020,3,SAM_k,BA,imp,4000000.0,377138.0
2020,3,UREIA_k,BA,imp,1039400.0,326816.0
2020,3,café,BA,exp,3371403.0,9910527.160493825
2020,3,soja,BA,exp,180683032.0,75458877.77777778
2020,4,MAP_k,BA,imp,4942900.0,1591695.0
2020,4,MOP_k,BA,imp,3000000.0,808261.0
2020,4,SAM_k,BA,imp,6400000.0,865332.0
2020,4,UREIA_k,BA,imp,4750614.0,1109979.0
2020,4,café,BA,exp,3074681.0,9335249.382716049
2020,4,soja,BA,exp,402980980.0,168311279.01234567
2020,5,MAP_k,BA,imp,30273100.0,9671722.0
2020,5,MOP_k,BA,imp,7605000.0,1705024.0
2020,5,NPK_k,BA,imp,4400000.0,1081168.0
2020,5,UREIA_k,BA,imp,14571400.0,3466144.0
2020,5,café,BA,exp,1784358.0,5294743.209876543
2020,5,soja,BA,exp,321531666.0,132118607.40740742
2020,6,MAP_k,BA,imp,45374708.0,14621204.0
2020,6,MOP_k,BA,imp,59787000.0,13176198.0
2020,6,NPK_k,BA,imp,2071630.0,501066.0
2020,6,SAM_k,BA,imp,11725000.0,1456916.0
2020,6,UREIA_k,BA,imp,21006800.0,5026438.0
2020,6,café,BA,exp,562651.0,1648482.7160493827
2020,6,soja,BA,exp,408576381.0,169945120.98765433
2020,7,MAP_k,BA,imp,10544000.0,3611768.0
2020,7,MOP_k,BA,imp,31280000.0,7023736.0
2020,7,NP_k,BA,imp,1275901.6564651537,2870323.0
2020,7,SAM_k,BA,imp,8075470.0,1001638.0
2020,7,UREIA_k,BA,imp,9461570.0,2336622.0
2020,7,café,BA,exp,338496.0,1005170.3703703703
2020,7,soja,BA,exp,515595649.0,217119271.60493827
2020,8,MAP_k,BA,imp,10404010.0,3631207.0
2020,8,MOP_k,BA,imp,21776190.0,4631611.0
2020,8,NPK_k,BA,imp,6000000.0,1366216.0
2020,8,NP_k,BA,imp,1000000.0,559080.0
2020,8,SAM_k,BA,imp,8112844.0,870618.0
2020,8,UREIA_k,BA,imp,29400000.0,7114576.0
2020,8,café,BA,exp,26940.0,77137.03703703704
2020,8,soja,BA,exp,431317151.0,187727162.96296293
2020,9,MAP_k,BA,imp,16840385.0,5744321.0
2020,9,MOP_k,BA,imp,52045140.0,10851818.0
2020,9,NP_k,BA,imp,1184426.761835346,2650731.0
2020,9,SAM_k,BA,imp,7903660.0,795387.0
2020,9,UREIA_k,BA,imp,19876817.0,4683360.0
2020,9,soja,BA,exp,410360866.0,182038964.19753087
2020,10,MAP_k,BA,imp,2575200.0,1214049.0
2020,10,MOP_k,BA,imp,21793000.0,4591183.0
2020,10,NP_k,BA,imp,1200000.0,671127.0
2020,10,SAM_k,BA,imp,21472010.0,2543973.0
2020,10,UREIA_k,BA,imp,22850165.0,5753415.0
2020,10,café,BA,exp,19200.0,53276.54320987654
2020,10,soja,BA,exp,586289277.0,270715435.80246913
2020,11,MAP_k,BA,imp,26296040.0,8406220.0
2020,11,MOP_k,BA,imp,104027960.0,23236886.0
2020,11,SAM_k,BA,imp,16642390.0,2129086.0
2020,11,UREIA_k,BA,imp,64404000.0,15234123.0
2020,11,café,BA,exp,848925.0,2505793.8271604935
2020,11,milho,BA,exp,15211094.0,4329527.1604938265
2020,11,soja,BA,exp,407313682.0,191125332.0987654
2020,12,MAP_k,BA,imp,25162960.0,8558651.0
2020,12,MOP_k,BA,imp,15000000.0,3330208.0
2020,12,NPK_k,BA,imp,3304000.0,840235.0
2020,12,SAM_k,BA,imp,12600000.0,1499813.0
2020,12,UREIA_k,BA,imp,13047030.0,3056843.0
2020,12,café,BA,exp,158275.0,457680.2469135802
2020,12,milho,BA,exp,4581213.0,920483.950617284
2020,12,soja,BA,exp,70957268.0,30904955.555555552
2021,1,MAP_k,BA,imp,22662120.0,7759090.0
2021,1,MOP_k,BA,imp,25744000.0,5892656.0
2021,1,NPK_k,BA,imp,2000000.0,403709.0
2021,1,NP_k,BA,imp,843229.532950484,1969326.0
2021,1,SAM_k,BA,imp,32282007.0,3953036.0
2021,1,UREIA_k,BA,imp,26627540.0,6893440.0
2021,1,café,BA,exp,598342.0,1744377.6470588236
2021,2,MAP_k,BA,imp,10765000.0,4118605.0
2021,2,MOP_k,BA,imp,30459080.0,6986763.0
2021,2,NP_k,BA,imp,1501300.0,972810.0
2021,2,UREIA_k,BA,imp,6215310.0,1675210.0
2021,2,café,BA,exp,2733647.0,7932147.05882353
2021,2,soja,BA,exp,4852730.0,1863122.3529411769
2021,3,MAP_k,BA,imp,34419670.0,11244408.0
2021,3,MOP_k,BA,imp,62534550.0,13330763.0
2021,3,NPK_k,BA,imp,16055840.0,4046047.0
2021,3,NP_k,BA,imp,832542.0865570299,1944375.0
2021,3,SAM_k,BA,imp,27003316.0,3233481.0
2021,3,UREIA_k,BA,imp,41754050.0,10746333.0
2021,3,café,BA,exp,3154477.0,9229855.294117646
2021,3,soja,BA,exp,121442304.0,63499563.52941178
2021,4,MAP_k,BA,imp,18480294.0,7085495.0
2021,4,MOP_k,BA,imp,14326080.0,3289781.0
2021,4,NPK_k,BA,imp,5499982.0,1430910.0
2021,4,SAM_k,BA,imp,17962837.0,2231570.0
2021,4,UREIA_k,BA,imp,23962081.0,6436302.0
2021,4,café,BA,exp,1442930.0,4228342.352941177
2021,4,milho,BA,exp,6860125.0,1666209.411764706
2021,4,soja,BA,exp,450169846.0,225481789.41176468
2021,5,MAP_k,BA,imp,11997530.0,5296966.0
2021,5,MOP_k,BA,imp,17530560.0,3624491.0
2021,5,NPK_k,BA,imp,6141300.0,2146247.0
2021,5,NP_k,BA,imp,1364309.8102781447,1974536.0
2021,5,SAM_k,BA,imp,8408482.0,886112.0
2021,5,UREIA_k,BA,imp,30450702.0,10228075.0
2021,5,café,BA,exp,3278834.0,9595156.470588237
2021,5,soja,BA,exp,480418441.0,240962543.52941176
2021,6,MAP_k,BA,imp,11733980.0,6029480.0
2021,6,MOP_k,BA,imp,18017230.0,3838133.0
2021,6,NP_k,BA,imp,839970.5435194039,1938352.0
2021,6,SAM_k,BA,imp,2864410.0,378985.0
2021,6,UREIA_k,BA,imp,18678120.0,6906979.0
2021,6,café,BA,exp,2646844.0,8033557.647058824
2021,6,soja,BA,exp,529259821.0,297710035.2941176
2021,7,MAP_k,BA,imp,21281650.0,11588626.0
2021,7,MOP_k,BA,imp,30727000.0,7769528.0
2021,7,SAM_k,BA,imp,10915031.0,1569083.0
2021,7,UREIA_k,BA,imp,11937000.0,4445286.0
2021,7,café,BA,exp,2035699.0,6461425.882352941
2021,7,milho,BA,exp,32184936.0,9010876.470588235
2021,7,soja,BA,exp,449244651.0,242455141.17647058
2021,8,MAP_k,BA,imp,29352510.0,18175389.0
2021,8,MOP_k,BA,imp,37245000.0,10534905.0
2021,8,SAM_k,BA,imp,7900263.0,1348486.0
2021,8,UREIA_k,BA,imp,11865000.0,4615708.0
2021,8,café,BA,exp,2438810.0,7267523.529411765
2021,8,milho,BA,exp,27515528.0,8844136.470588235
2021,8,soja,BA,exp,309654307.0,172109731.7647059
2021,9,MAP_k,BA,imp,16144000.0,10069268.0
2021,9,MOP_k,BA,imp,44823530.0,15734098.0
2021,9,NP_k,BA,imp,1247737.1618551996,2356377.0
2021,9,SAM_k,BA,imp,13441785.0,2222777.0
2021,9,UREIA_k,BA,imp,8604800.0,3303504.0
2021,9,café,BA,exp,2608374.0,8761740.0
2021,9,milho,BA,exp,2998780.0,910217.6470588236
2021,9,soja,BA,exp,93403326.0,53568737.64705882
2021,10,MAP_k,BA,imp,20644261.0,9487690.0
2021,10,MOP_k,BA,imp,30380690.0,8655337.0
2021,10,NPK_k,BA,imp,7000000.0,1510019.0
2021,10,NP_k,BA,imp,336000.0,207032.0
2021,10,SAM_k,BA,imp,6250000.0,1003232.0
2021,10,UREIA_k,BA,imp,17851248.0,7432302.0
2021,10,café,BA,exp,359290.0,1369758.8235294118
2021,10,soja,BA,exp,156026255.0,93062841.17647058
2021,11,MAP_k,BA,imp,26993017.0,15982917.0
2021,11,MOP_k,BA,imp,96803720.0,30485922.0
2021,11,NPK_k,BA,imp,2763050.0,1140115.0
2021,11,NP_k,BA,imp,480000.0,423778.0
2021,11,café,BA,exp,1244936.0,4725947.05882353
2021,12,MAP_k,BA,imp,28213920.0,18235016.0
2021,12,MOP_k,BA,imp,51541887.0,24246865.0
2021,12,NP_k,BA,imp,1526550.9762249081,2648368.0
2021,12,SAM_k,BA,imp,18000000.0,2959316.0
2021,12,UREIA_k,BA,imp,6335000.0,2747685.0
2021,12,café,BA,exp,254225.0,824162.3529411764
2021,12,soja,BA,exp,131564773.0,75646500.0
2022,1,MAP_k,BA,imp,7602610.0,5687990.0
2022,1,MOP_k,BA,imp,74257790.0,40923980.0
2022,1,NPK_k,BA,imp,2200000.0,665430.0
2022,1,SAM_k,BA,imp,15900000.0,2452261.0
2022,1,UREIA_k,BA,imp,19004843.0,8382057.0
2022,1,café,BA,exp,623997.0,2205400.0
2022,1,soja,BA,exp,141274731.0,71755183.69565217
2022,2,MAP_k,BA,imp,3296000.0,2444004.0
2022,2,MOP_k,BA,imp,28116669.0,14150281.0
2022,2,NPK_k,BA,imp,7000000.0,2450253.0
2022,2,SAM_k,BA,imp,3598229.0,797927.0
2022,2,café,BA,exp,76700.0,308173.9130434783
2022,2,soja,BA,exp,63127606.0,35260853.26086956
2022,3,MAP_k,BA,imp,24498000.0,19163976.0
2022,3,MOP_k,BA,imp,60942901.0,27249965.0
2022,3,NP_k,BA,imp,6620500.0,6586516.0
2022,3,SAM_k,BA,imp,21071000.0,4402705.0
2022,3,UREIA_k,BA,imp,16501390.0,7972941.0
2022,3,café,BA,exp,905671.0,3100780.4347826084
2022,3,soja,BA,exp,47588788.0,27608567.391304348
2022,4,MAP_k,BA,imp,28783450.0,25077996.0
2022,4,MOP_k,BA,imp,53101926.0,31821489.0
2022,4,NPK_k,BA,imp,7063000.0,3426244.0
2022,4,NP_k,BA,imp,961716.6198576116,2151541.0
2022,4,SAM_k,BA,imp,4000000.0,1480686.0
2022,4,UREIA_k,BA,imp,9185814.0,6879213.0
2022,4,café,BA,exp,86400.0,291111.95652173914
2022,5,MAP_k,BA,imp,47939520.0,37845826.0
2022,5,MOP_k,BA,imp,88811376.0,56146087.0
2022,5,NP_k,BA,imp,3973810.0,5243778.0
2022,5,SAM_k,BA,imp,26725120.0,7295928.0
2022,5,UREIA_k,BA,imp,46801060.0,26198982.0
2022,5,café,BA,exp,136512.0,399430.43478260865
2022,5,milho,BA,exp,60184838.0,23192789.13043478
2022,6,MAP_k,BA,imp,40190973.0,42107864.0
2022,6,MOP_k,BA,imp,80033240.0,40145195.0
2022,6,NPK_k,BA,imp,8650000.0,4589598.0
2022,6,SAM_k,BA,imp,35026280.0,11953643.0
2022,6,UREIA_k,BA,imp,8200000.0,4630790.0
2022,6,café,BA,exp,3796708.0,11228338.043478262
2022,6,soja,BA,exp,31234312.0,14963952.173913045
2022,7,MAP_k,BA,imp,7593010.0,7369786.0
2022,7,MOP_k,BA,imp,84173928.0,59435731.0
2022,7,NPK_k,BA,imp,6000000.0,3023407.0
2022,7,NP_k,BA,imp,3976350.0,5247134.0
2022,7,SAM_k,BA,imp,36300000.0,12499244.0
2022,7,UREIA_k,BA,imp,25900000.0,14340944.0
2022,7,café,BA,exp,744777.0,2584374.9999999995
2022,8,MAP_k,BA,imp,33506000.0,31585671.0
2022,8,MOP_k,BA,imp,51083060.0,37978376.0
2022,8,NPK_k,BA,imp,5440000.0,3409694.0
2022,8,NP_k,BA,imp,192000.0,289537.0
2022,8,SAM_k,BA,imp,8150000.0,3129405.0
2022,8,UREIA_k,BA,imp,13503460.0,7567778.0
2022,8,café,BA,exp,189593.0,552770.652173913
2022,8,milho,BA,exp,33015318.0,10361960.869565217
2022,9,MAP_k,BA,imp,22148442.0,24312108.0
2022,9,MOP_k,BA,imp,42864096.0,32555121.0
2022,9,NPK_k,BA,imp,4400000.0,2794927.0
2022,9,NP_k,BA,imp,4919900.0,6529235.0
2022,9,SAM_k,BA,imp,6295000.0,2192627.0
2022,9,UREIA_k,BA,imp,1700000.0,890800.0
2022,9,café,BA,exp,1474951.0,4748159.782608694
2022,9,milho,BA,exp,45852997.0,14312429.347826086
2022,10,MAP_k,BA,imp,5812086.0,4650087.0
2022,10,MOP_k,BA,imp,27228398.0,26509681.0
2022,10,NPK_k,BA,imp,3307776.0,1816053.0
2022,10,NP_k,BA,imp,600000.0,715581.0
2022,10,SAM_k,BA,imp,26300000.0,6787665.0
2022,10,UREIA_k,BA,imp,20400000.0,11219240.0
2022,10,café,BA,exp,1089785.0,3376656.5217391304
2022,10,milho,BA,exp,47600252.0,15105602.173913043
2022,10,soja,BA,exp,3780000.0,1587066.304347826
2022,11,MAP_k,BA,imp,13645400.0,11760691.0
2022,11,MOP_k,BA,imp,43310276.0,27227234.0
2022,11,NPK_k,BA,imp,6445386.0,2859071.0
2022,11,NP_k,BA,imp,75000.0,104871.0
2022,11,SAM_k,BA,imp,10814840.0,2586165.0
2022,11,UREIA_k,BA,imp,30117180.0,14073355.0
2022,11,café,BA,exp,2733085.0,9768755.43478261
2022,11,milho,BA,exp,46410711.0,15300850.0
2022,12,MAP_k,BA,imp,3178400.0,4673879.0
2022,12,MOP_k,BA,imp,19672792.0,12597957.0
2022,12,NPK_k,BA,imp,2806733.0,2317287.0
2022,12,SAM_k,BA,imp,38650000.0,9414475.0
2022,12,UREIA_k,BA,imp,2100000.0,1200767.0
2022,12,café,BA,exp,2054661.0,7106438.043478261
2022,12,milho,BA,exp,70758862.0,22290151.08695652
2023,1,MAP_k,BA,imp,16334503.0,12966516.0
2023,1,MOP_k,BA,imp,47831839.0,43540110.0
2023,1,NPK_k,BA,imp,1650000.0,1005881.0
2023,1,NP_k,BA,imp,7700000.0,2815120.0
2023,1,SAM_k,BA,imp,5650000.0,1490169.0
2023,1,UREIA_k,BA,imp,21715045.0,11875572.0
2023,1,café,BA,exp,2181229.0,7797486.458333334
2023,1,milho,BA,exp,164408995.0,48755370.833333336
2023,2,MAP_k,BA,imp,25901100.0,18758829.0
2023,2,MOP_k,BA,imp,14051459.0,7101802.0
2023,2,NPK_k,BA,imp,2205740.0,1095421.0
2023,2,SAM_k,BA,imp,3300000.0,989175.0
2023,2,café,BA,exp,1913862.0,6368089.583333334
2023,2,milho,BA,exp,123802895.0,38094708.333333336
2023,2,soja,BA,exp,69451240.0,41218196.875
2023,3,MAP_k,BA,imp,24218685.0,15902921.0
2023,3,MOP_k,BA,imp,5000000.0,2212500.0
2023,3,NPK_k,BA,imp,2296360.0,1161146.0
2023,3,NP_k,BA,imp,3503000.0,3663309.0
2023,3,SAM_k,BA,imp,41342560.0,9229443.0
2023,3,UREIA_k,BA,imp,31000000.0,11849302.0
2023,3,café,BA,exp,1960575.0,7136689.583333333
2023,3,milho,BA,exp,20385255.0,5809300.000000001
2023,3,soja,BA,exp,334133485.0,193739530.20833334
2023,4,MAP_k,BA,imp,22836578.0,16125544.0
2023,4,MOP_k,BA,imp,53518228.0,33619510.0
2023,4,NPK_k,BA,imp,5098860.0,2225625.0
2023,4,SAM_k,BA,imp,11800000.0,2416285.0
2023,4,UREIA_k,BA,imp,37325254.0,13344454.0
2023,4,café,BA,exp,784990.0,2839134.375
2023,4,soja,BA,exp,297717070.0,167148051.0416667
2023,5,MAP_k,BA,imp,8550923.0,6323304.0
2023,5,MOP_k,BA,imp,58814676.0,28755231.0
2023,5,NPK_k,BA,imp,7005723.0,3924256.0
2023,5,NP_k,BA,imp,96000.0,148145.0
2023,5,SAM_k,BA,imp,22605098.0,5900274.0
2023,5,café,BA,exp,1628605.0,6140750.0
2023,5,soja,BA,exp,429429015.0,241380398.95833334
2023,6,MAP_k,BA,imp,36008475.0,20740001.0
2023,6,MOP_k,BA,imp,63835431.0,20057873.0
2023,6,NP_k,BA,imp,1114800.0,995059.0
2023,6,SAM_k,BA,imp,60699616.0,10230049.0
2023,6,UREIA_k,BA,imp,37231377.0,11672190.0
2023,6,café,BA,exp,1064840.0,3847987.5
2023,6,soja,BA,exp,484002496.0,257228742.70833334
2023,7,MAP_k,BA,imp,26499722.0,13901169.0
2023,7,MOP_k,BA,imp,93727020.0,48247097.0
2023,7,NPK_k,BA,imp,9957260.0,3404818.0
2023,7,NP_k,BA,imp,1213124.2482542936,2737244.0
2023,7,SAM_k,BA,imp,26420845.0,4508239.0
2023,7,UREIA_k,BA,imp,3101138.0,1614319.0
2023,7,café,BA,exp,1801170.0,6106065.625
2023,7,soja,BA,exp,436985830.0,226544627.08333334
2023,8,MAP_k,BA,imp,16676671.0,9762386.0
2023,8,MOP_k,BA,imp,37734795.0,17315375.0
2023,8,NPK_k,BA,imp,2234700.0,889309.0
2023,8,SAM_k,BA,imp,4000000.0,931320.0
2023,8,UREIA_k,BA,imp,10500000.0,3098700.0
2023,8,café,BA,exp,3381876.0,10384672.916666666
2023,8,milho,BA,exp,46885991.0,11337904.166666666
2023,8,soja,BA,exp,470179952.0,244008584.375
2023,9,MAP_k,BA,imp,23565051.0,10624706.0
2023,9,MOP_k,BA,imp,73775000.0,26883059.0
2023,9,NPK_k,BA,imp,8253705.0,2475375.0
2023,9,SAM_k,BA,imp,3024113.0,811523.0
2023,9,UREIA_k,BA,imp,51600979.0,18015891.0
2023,9,café,BA,exp,3452502.0,10517518.75
2023,9,milho,BA,exp,16779337.0,3862504.166666666
2023,9,soja,BA,exp,507759366.0,271347417.7083333
2023,10,MAP_k,BA,imp,14575000.0,7898783.0
2023,10,MOP_k,BA,imp,37437366.0,10256845.0
2023,10,NPK_k,BA,imp,9391100.0,2676464.0
2023,10,NP_k,BA,imp,1416000.0,1172332.0
2023,10,SAM_k,BA,imp,114787510.0,18479220.0
2023,10,UREIA_k,BA,imp,34250250.0,12264401.0
2023,10,café,BA,exp,2555221.0,8013119.791666667
2023,10,milho,BA,exp,82187201.0,19976400.0
2023,10,soja,BA,exp,464354397.0,258997885.4166667
2023,11,MAP_k,BA,imp,17349500.0,9750154.0
2023,11,MOP_k,BA,imp,40455684.0,12225480.0
2023,11,NP_k,BA,imp,2276000.0,1980670.0
2023,11,UREIA_k,BA,imp,13047165.0,4861739.0
2023,11,café,BA,exp,2708716.0,8272880.208333334
2023,11,milho,BA,exp,70366073.0,16155479.166666666
2023,11,soja,BA,exp,474297772.0,263233862.49999997
2023,12,MAP_k,BA,imp,47248382.0,24065780.0
2023,12,MOP_k,BA,imp,18978039.0,7209234.0
2023,12,NPK_k,BA,imp,13508190.0,3802330.0
2023,12,SAM_k,BA,imp,11000000.0,2360600.0
2023,12,UREIA_k,BA,imp,17000000.0,5026600.0
2023,12,café,BA,exp,3825808.0,12503220.833333334
2023,12,milho,BA,exp,35673500.0,8451335.416666668
2023,12,soja,BA,exp,513195747.0,279389560.4166666
2024,1,MAP_k,BA,imp,3588000.0,1989538.0
2024,1,MOP_k,BA,imp,24243586.0,6591142.0
2024,1,NPK_k,BA,imp,7000000.0,2664900.0
2024,1,NP_k,BA,imp,2876400.0,2459503.0
2024,1,SAM_k,BA,imp,31200840.0,3570249.0
2024,1,UREIA_k,BA,imp,17000000.0,5193850.0
2024,1,café,BA,exp,4563217.0,15150565.0
2024,1,milho,BA,exp,22536481.0,5035304.0
2024,1,soja,BA,exp,461154360.0,236566848.0
2024,2,MAP_k,BA,imp,37526905.0,19839930.0
2024,2,MOP_k,BA,imp,50147519.0,16046823.0
2024,2,NPK_k,BA,imp,4741600.0,1636504.0
2024,2,SAM_k,BA,imp,4400000.0,703780.0
2024,2,café,BA,exp,2825929.0,9860842.0
2024,2,milho,BA,exp,2117632.0,467918.0
2024,2,soja,BA,exp,82162142.0,37418971.0
2024,3,MAP_k,BA,imp,8210200.0,4447805.0
2024,3,MOP_k,BA,imp,59842668.0,14720344.0
2024,3,NP_k,BA,imp,1100000.0,946083.0
2024,3,SAM_k,BA,imp,19174534.0,2984084.0
2024,3,UREIA_k,BA,imp,22546078.0,7935335.0
2024,3,café,BA,exp,3890262.0,12678272.0
2024,3,soja,BA,exp,293968429.0,132400815.0
2024,4,MAP_k,BA,imp,59518787.0,31065447.0
2024,4,MOP_k,BA,imp,71432266.0,20308351.0
2024,4,NPK_k,BA,imp,8314000.0,2644446.0
2024,4,NP_k,BA,imp,6780400.0,5669496.0
2024,4,SAM_k,BA,imp,20700000.0,3140673.0
2024,4,UREIA_k,BA,imp,49421774.0,16884100.0
2024,4,café,BA,exp,1494172.0,5246760.0
2024,4,soja,BA,exp,359495638.0,155328264.0
2024,5,MAP_k,BA,imp,28024034.0,14788562.0
2024,5,MOP_k,BA,imp,156108131.0,44704023.0
2024,5,NPK_k,BA,imp,2443000.0,906353.0
2024,5,NP_k,BA,imp,360000.0,282240.0
2024,5,SAM_k,BA,imp,42875000.0,6208020.0
2024,5,UREIA_k,BA,imp,28007113.0,9415200.0
2024,5,café,BA,exp,6849648.0,22267988.0
2024,5,soja,BA,exp,267647754.0,115726493.0
2024,6,MAP_k,BA,imp,21350717.0,11689827.0
2024,6,MOP_k,BA,imp,132620973.0,35386692.0
2024,6,NP_k,BA,imp,4000800.0,3379753.0
2024,6,SAM_k,BA,imp,16050000.0,2587929.0
2024,6,UREIA_k,BA,imp,22136324.0,7401673.0
2024,6,café,BA,exp,5219825.0,17318908.0
2024,6,soja,BA,exp,430402127.0,190005059.0
