year,month,Product,UF,kg,US$_fob,km
2012,1,Soy Group,GO,27779695,12965982,0
2012,1,Soy Group,MG,62814227,28668856,0
2012,1,Soy Group,MS,16523350,7307431,0
2012,1,Soy Group,MT,180167491,82378182,0
2012,1,Soy Group,PR,149424320,66798126,0
2012,1,Soy Group,RS,129711849,58226379,0
2012,1,Soy Group,SC,15301180,6763444,0
2012,1,Soy Group,SP,11562960,4906694,0
2012,2,Soy Group,GO,158849014,73045170,0
2012,2,Soy Group,MG,33265852,15271597,0
2012,2,Soy Group,MS,66011819,31622592,0
2012,2,Soy Group,MT,564873062,254501554,0
2012,2,Soy Group,PR,439833333,200270522,0
2012,2,Soy Group,RS,68283560,29863869,0
2012,2,Soy Group,SC,54654170,27413245,0
2012,2,Soy Group,SP,64282128,30165663,0
2012,3,Soy Group,GO,571540752,284058564,0
2012,3,Soy Group,MA,91796461,48037793,0
2012,3,Soy Group,MG,51360761,26000154,0
2012,3,Soy Group,MS,283377937,136377612,0
2012,3,Soy Group,MT,2170693829,1059423185,0
2012,3,Soy Group,PR,650858023,300411959,0
2012,3,Soy Group,RS,70248352,36071952,0
2012,3,Soy Group,SC,10892625,5044030,0
2012,3,Soy Group,SP,163969196,82883942,0
2012,3,Soy Group,TO,32436202,17154939,0
2012,4,Soy Group,BA,226953932,121341726,0
2012,4,Soy Group,GO,379336039,192124229,0
2012,4,Soy Group,MA,146828333,77118825,0
2012,4,Soy Group,MG,87191577,45129385,0
2012,4,Soy Group,MS,288546673,147807613,0
2012,4,Soy Group,MT,1264045175,642344466,0
2012,4,Soy Group,PR,944273988,469819628,0
2012,4,Soy Group,RO,70775955,35694471,0
2012,4,Soy Group,RS,284669493,150062664,0
2012,4,Soy Group,SC,171981062,83909061,0
2012,4,Soy Group,SP,282085466,146274661,0
2012,4,Soy Group,TO,110337003,58310713,0
2012,5,Soy Group,BA,360883620,194594772,0
2012,5,Soy Group,GO,602324238,312982907,0
2012,5,Soy Group,MA,177290467,95526825,0
2012,5,Soy Group,MG,201654440,106151279,0
2012,5,Soy Group,MS,287003155,150367153,0
2012,5,Soy Group,MT,2515015806,1331606169,0
2012,5,Soy Group,PI,52830773,28706622,0
2012,5,Soy Group,PR,1262525644,659280033,0
2012,5,Soy Group,RO,32280825,17601385,0
2012,5,Soy Group,RS,797765027,423245672,0
2012,5,Soy Group,SC,166412353,84669141,0
2012,5,Soy Group,SP,476294415,250036739,0
2012,5,Soy Group,TO,175396506,94331320,0
2012,6,Soy Group,BA,362914914,192846187,0
2012,6,Soy Group,GO,433664344,227804305,0
2012,6,Soy Group,MA,138691768,74875151,0
2012,6,Soy Group,MG,118215395,63093582,0
2012,6,Soy Group,MS,164294888,88046360,0
2012,6,Soy Group,MT,1469730179,793292850,0
2012,6,Soy Group,PA,14925200,7978549,0
2012,6,Soy Group,PI,25085648,13684976,0
2012,6,Soy Group,PR,854461164,454576748,0
2012,6,Soy Group,RO,26714916,15112862,0
2012,6,Soy Group,RS,802847919,434713777,0
2012,6,Soy Group,SC,69257128,37012559,0
2012,6,Soy Group,SP,163144775,85949153,0
2012,6,Soy Group,TO,89481594,48254272,0
2012,7,Soy Group,BA,366950681,191994555,0
2012,7,Soy Group,GO,429089463,237615191,0
2012,7,Soy Group,MA,181532626,101091756,0
2012,7,Soy Group,MG,91642152,49497095,0
2012,7,Soy Group,MS,121678555,63975092,0
2012,7,Soy Group,MT,918151807,498837571,0
2012,7,Soy Group,PA,21143789,11952983,0
2012,7,Soy Group,PI,41218200,22465906,0
2012,7,Soy Group,PR,759778370,418192929,0
2012,7,Soy Group,RO,65988606,36409656,0
2012,7,Soy Group,RS,769611034,421437228,0
2012,7,Soy Group,SC,44836823,24341318,0
2012,7,Soy Group,SP,82310688,44322984,0
2012,7,Soy Group,TO,82335466,45244671,0
2012,8,Soy Group,BA,220090428,121575186,0
2012,8,Soy Group,GO,127767376,78529130,0
2012,8,Soy Group,MA,98785238,55932789,0
2012,8,Soy Group,MG,124484972,77935232,0
2012,8,Soy Group,MS,23747829,12626483,0
2012,8,Soy Group,MT,317983552,190314119,0
2012,8,Soy Group,PA,63939081,35727285,0
2012,8,Soy Group,PI,33826630,18702405,0
2012,8,Soy Group,PR,588204962,328423455,0
2012,8,Soy Group,RS,592528973,371186473,0
2012,8,Soy Group,SC,29597971,17085612,0
2012,8,Soy Group,SP,74245735,40724119,0
2012,8,Soy Group,TO,69404109,39212844,0
2012,9,Soy Group,BA,176960561,103356273,0
2012,9,Soy Group,GO,129096602,87862540,0
2012,9,Soy Group,MA,259855083,158359491,0
2012,9,Soy Group,MG,55883213,32709077,0
2012,9,Soy Group,MS,74978904,39950844,0
2012,9,Soy Group,MT,188209143,118321745,0
2012,9,Soy Group,PA,57157125,31634691,0
2012,9,Soy Group,PI,44378115,25097407,0
2012,9,Soy Group,PR,343195124,187077960,0
2012,9,Soy Group,RS,64542538,45508654,0
2012,9,Soy Group,SP,74190339,46072204,0
2012,9,Soy Group,TO,141988050,83303763,0
2012,10,Soy Group,BA,17325539,12465049,0
2012,10,Soy Group,GO,16802223,10733421,0
2012,10,Soy Group,MA,244189103,168417952,0
2012,10,Soy Group,MS,52189291,27031029,0
2012,10,Soy Group,MT,140346727,90835247,0
2012,10,Soy Group,PA,24097385,15160896,0
2012,10,Soy Group,PI,44756610,30406900,0
2012,10,Soy Group,PR,229413470,129316534,0
2012,10,Soy Group,RO,23390937,14442734,0
2012,10,Soy Group,SC,7842173,5533611,0
2012,10,Soy Group,TO,88182063,57031367,0
2012,11,Soy Group,GO,18725983,11130243,0
2012,11,Soy Group,MT,171648476,112922499,0
2012,11,Soy Group,PA,28513604,17726337,0
2012,11,Soy Group,PR,17866549,10192493,0
2012,12,Soy Group,MT,87513443,60912533,0
2012,12,Soy Group,PR,41537973,25113055,0
2013,2,Soy Group,DF,15000000,7462950,0
2013,2,Soy Group,GO,56866408,30954295,0
2013,2,Soy Group,MS,96523276,53423168,0
2013,2,Soy Group,MT,398299089,217292724,0
2013,2,Soy Group,PR,282717160,146738186,0
2013,2,Soy Group,SP,18467993,10289929,0
2013,3,Soy Group,GO,418019460,224508978,0
2013,3,Soy Group,MA,35342087,19920653,0
2013,3,Soy Group,MG,45527023,26025812,0
2013,3,Soy Group,MS,281922109,152598875,0
2013,3,Soy Group,MT,1351344347,735799245,0
2013,3,Soy Group,PR,668899061,357856495,0
2013,3,Soy Group,RS,39163233,21353913,0
2013,3,Soy Group,SC,26161899,13784636,0
2013,3,Soy Group,SP,453945502,242665789,0
2013,3,Soy Group,TO,36610470,20628377,0
2013,4,Soy Group,BA,415927675,223401123,0
2013,4,Soy Group,DF,18500000,9631215,0
2013,4,Soy Group,GO,620231967,324132402,0
2013,4,Soy Group,MA,182737665,97052051,0
2013,4,Soy Group,MG,393860244,212683172,0
2013,4,Soy Group,MS,474857067,251879640,0
2013,4,Soy Group,MT,2423068157,1284828588,0
2013,4,Soy Group,PI,9196519,4862282,0
2013,4,Soy Group,PR,859820057,451431184,0
2013,4,Soy Group,RS,738806359,391144109,0
2013,4,Soy Group,SC,148625674,77552023,0
2013,4,Soy Group,SP,508233502,274822852,0
2013,4,Soy Group,TO,144853188,77463830,0
2013,5,Soy Group,BA,315716546,164938396,0
2013,5,Soy Group,GO,712125112,368333348,0
2013,5,Soy Group,MA,158591358,83597875,0
2013,5,Soy Group,MG,255856963,134101493,0
2013,5,Soy Group,MS,457806817,235400125,0
2013,5,Soy Group,MT,2165104378,1128461588,0
2013,5,Soy Group,PA,27029803,14479966,0
2013,5,Soy Group,PI,33901297,17652566,0
2013,5,Soy Group,PR,978145575,508682344,0
2013,5,Soy Group,RS,1744155306,919542656,0
2013,5,Soy Group,SC,318052795,164702507,0
2013,5,Soy Group,SP,425301205,223524342,0
2013,5,Soy Group,TO,150599790,80616758,0
2013,6,Soy Group,BA,261673218,139799611,0
2013,6,Soy Group,DF,24440000,12581427,0
2013,6,Soy Group,GO,466436004,246439246,0
2013,6,Soy Group,MA,199572794,104851093,0
2013,6,Soy Group,MG,238933970,128207747,0
2013,6,Soy Group,MS,296808857,152481820,0
2013,6,Soy Group,MT,1808407354,960295148,0
2013,6,Soy Group,PA,99163365,52649242,0
2013,6,Soy Group,PI,22344123,11809886,0
2013,6,Soy Group,PR,1015701036,532099635,0
2013,6,Soy Group,RO,15639236,7796159,0
2013,6,Soy Group,RS,1347161522,716441974,0
2013,6,Soy Group,SC,193834771,102634914,0
2013,6,Soy Group,SP,241364190,127577051,0
2013,6,Soy Group,TO,101897606,53360005,0
2013,7,Soy Group,BA,249890453,136471705,0
2013,7,Soy Group,DF,18088691,10213608,0
2013,7,Soy Group,GO,411245699,223011675,0
2013,7,Soy Group,MA,203516649,108971000,0
2013,7,Soy Group,MG,231387361,125025737,0
2013,7,Soy Group,MS,311415544,167171628,0
2013,7,Soy Group,MT,1671076294,902323961,0
2013,7,Soy Group,PA,54471762,29519468,0
2013,7,Soy Group,PR,997485742,535018329,0
2013,7,Soy Group,RO,127282483,66243909,0
2013,7,Soy Group,RS,811474106,443377926,0
2013,7,Soy Group,SC,96787547,53103669,0
2013,7,Soy Group,SP,186323891,103128948,0
2013,7,Soy Group,TO,100727799,54068503,0
2013,8,Soy Group,BA,245102965,132095383,0
2013,8,Soy Group,DF,11846421,6816265,0
2013,8,Soy Group,GO,260621839,142886293,0
2013,8,Soy Group,MA,173606847,94798400,0
2013,8,Soy Group,MG,136404649,74383194,0
2013,8,Soy Group,MS,173864541,90890685,0
2013,8,Soy Group,MT,902411316,486167414,0
2013,8,Soy Group,PA,58371469,31783383,0
2013,8,Soy Group,PI,27226232,14948556,0
2013,8,Soy Group,PR,1159406593,615433159,0
2013,8,Soy Group,RO,98888297,51960441,0
2013,8,Soy Group,RS,1742280844,939800581,0
2013,8,Soy Group,SC,62023427,33747412,0
2013,8,Soy Group,SP,225211811,125386242,0
2013,8,Soy Group,TO,97286700,52299771,0
2013,9,Soy Group,BA,84351333,45141743,0
2013,9,Soy Group,GO,167286763,96917731,0
2013,9,Soy Group,MA,195552545,104416887,0
2013,9,Soy Group,MG,227782903,121024279,0
2013,9,Soy Group,MS,117961082,61080185,0
2013,9,Soy Group,MT,607401880,322859854,0
2013,9,Soy Group,PA,23658492,12511589,0
2013,9,Soy Group,PI,41125537,22434229,0
2013,9,Soy Group,PR,821924785,431262141,0
2013,9,Soy Group,RO,75174940,38596073,0
2013,9,Soy Group,RS,924378268,497944028,0
2013,9,Soy Group,SC,52669885,27189307,0
2013,9,Soy Group,SP,13622017,7159416,0
2013,9,Soy Group,TO,114680640,61780650,0
2013,10,Soy Group,GO,39041665,19748593,0
2013,10,Soy Group,MA,120075826,64998129,0
2013,10,Soy Group,MG,69979212,42955729,0
2013,10,Soy Group,MS,39518625,21152869,0
2013,10,Soy Group,MT,145926064,77704930,0
2013,10,Soy Group,PR,522787374,279246428,0
2013,10,Soy Group,RS,468741126,260556832,0
2013,10,Soy Group,SP,9799862,5326290,0
2013,10,Soy Group,TO,67756129,36475386,0
2013,11,Soy Group,GO,21719878,11995911,0
2013,11,Soy Group,MA,50381227,26476052,0
2013,11,Soy Group,MS,29227097,15385995,0
2013,11,Soy Group,MT,131313823,70407366,0
2013,11,Soy Group,PA,55641090,29410399,0
2013,11,Soy Group,PI,18461388,9915360,0
2013,11,Soy Group,PR,195860248,103241347,0
2013,11,Soy Group,RS,56618273,35031946,0
2013,11,Soy Group,SP,12177235,6816950,0
2013,11,Soy Group,TO,61140295,31954510,0
2013,12,Soy Group,MT,30866495,16955097,0
2013,12,Soy Group,PR,8612541,5360621,0
2014,1,Soy Group,MT,14865310,7725611,0
2014,1,Soy Group,RR,12702300,8368910,0
2014,2,Soy Group,AL,10386770,5099073,0
2014,2,Soy Group,BA,11949675,5903108,0
2014,2,Soy Group,GO,419375491,210006406,0
2014,2,Soy Group,MG,25477273,12823178,0
2014,2,Soy Group,MS,121941984,60304235,0
2014,2,Soy Group,MT,1001688924,497227399,0
2014,2,Soy Group,PR,770810472,375943954,0
2014,2,Soy Group,RR,9857900,6829849,0
2014,2,Soy Group,RS,116632340,58800438,0
2014,2,Soy Group,SC,66245969,33142748,0
2014,2,Soy Group,SP,69260816,35102141,0
2014,3,Soy Group,BA,101284538,54237195,0
2014,3,Soy Group,DF,43263680,20912383,0
2014,3,Soy Group,GO,759182506,387834421,0
2014,3,Soy Group,MA,68148311,33971253,0
2014,3,Soy Group,MG,206477647,105744686,0
2014,3,Soy Group,MS,626584993,313659705,0
2014,3,Soy Group,MT,2308125147,1172802922,0
2014,3,Soy Group,PA,12129920,5955192,0
2014,3,Soy Group,PR,1115605458,548015854,0
2014,3,Soy Group,RO,41911844,20427027,0
2014,3,Soy Group,RS,144254978,75530074,0
2014,3,Soy Group,SC,86177315,43085698,0
2014,3,Soy Group,SP,508849504,261525898,0
2014,3,Soy Group,TO,89114515,43837789,0
2014,4,Soy Group,BA,197035230,100322474,0
2014,4,Soy Group,GO,658536562,328663457,0
2014,4,Soy Group,MA,163312413,80007007,0
2014,4,Soy Group,MG,260065066,129893474,0
2014,4,Soy Group,MS,497064534,247685871,0
2014,4,Soy Group,MT,2700565584,1351588635,0
2014,4,Soy Group,PA,9613418,4637091,0
2014,4,Soy Group,PR,1449040595,710585360,0
2014,4,Soy Group,RO,113957067,59269677,0
2014,4,Soy Group,RS,1052291161,542820042,0
2014,4,Soy Group,SC,411876135,202228967,0
2014,4,Soy Group,SP,518854850,268023156,0
2014,4,Soy Group,TO,104871239,51541756,0
2014,5,Soy Group,BA,351846028,182131351,0
2014,5,Soy Group,DF,34272770,16331693,0
2014,5,Soy Group,GO,533521615,263624624,0
2014,5,Soy Group,MA,152757337,75718202,0
2014,5,Soy Group,MG,202234745,99918779,0
2014,5,Soy Group,MS,386901794,197168181,0
2014,5,Soy Group,MT,2380074408,1199397717,0
2014,5,Soy Group,PA,24599391,12256976,0
2014,5,Soy Group,PE,10364055,5666314,0
2014,5,Soy Group,PI,38683313,19166547,0
2014,5,Soy Group,PR,963572868,493375354,0
2014,5,Soy Group,RO,87402525,45209092,0
2014,5,Soy Group,RS,1535305686,795496462,0
2014,5,Soy Group,SC,241261319,123632410,0
2014,5,Soy Group,SP,368982170,187889534,0
2014,5,Soy Group,TO,180913592,90391255,0
2014,6,Soy Group,BA,311638981,159318902,0
2014,6,Soy Group,GO,325330992,170013260,0
2014,6,Soy Group,MA,198102923,98828975,0
2014,6,Soy Group,MG,334938376,172161654,0
2014,6,Soy Group,MS,307154820,159857573,0
2014,6,Soy Group,MT,2011613838,1039170593,0
2014,6,Soy Group,PA,108720944,57216386,0
2014,6,Soy Group,PI,27641439,13764149,0
2014,6,Soy Group,PR,670746374,349446850,0
2014,6,Soy Group,RO,90618243,48252663,0
2014,6,Soy Group,RS,1446093056,762156078,0
2014,6,Soy Group,SC,337906129,177380475,0
2014,6,Soy Group,SP,237236805,122128435,0
2014,6,Soy Group,TO,231513150,115802356,0
2014,7,Soy Group,BA,328324212,170646625,0
2014,7,Soy Group,DF,14126414,7297165,0
2014,7,Soy Group,GO,346460012,187001853,0
2014,7,Soy Group,MA,196768136,101407356,0
2014,7,Soy Group,MG,133860073,68582780,0
2014,7,Soy Group,MS,258517395,132008990,0
2014,7,Soy Group,MT,1705667305,880646529,0
2014,7,Soy Group,PA,140088544,74399991,0
2014,7,Soy Group,PI,71850773,36220220,0
2014,7,Soy Group,PR,787243034,413203879,0
2014,7,Soy Group,RO,81272962,43227504,0
2014,7,Soy Group,RS,1191619068,630377922,0
2014,7,Soy Group,SC,271880344,142409631,0
2014,7,Soy Group,SP,127605374,65271786,0
2014,7,Soy Group,TO,247678000,127941054,0
2014,8,Soy Group,BA,144756788,74539078,0
2014,8,Soy Group,DF,71466922,40108953,0
2014,8,Soy Group,GO,221110601,116510431,0
2014,8,Soy Group,MA,243099042,124528957,0
2014,8,Soy Group,MG,189338474,96956887,0
2014,8,Soy Group,MS,178215058,91418944,0
2014,8,Soy Group,MT,861921602,448931155,0
2014,8,Soy Group,PA,116752928,58844762,0
2014,8,Soy Group,PI,102216506,51641559,0
2014,8,Soy Group,PR,530661200,274031377,0
2014,8,Soy Group,RO,57970470,30121789,0
2014,8,Soy Group,RS,893233538,466566519,0
2014,8,Soy Group,SC,181658457,93823356,0
2014,8,Soy Group,SP,95377440,49310029,0
2014,8,Soy Group,TO,224330417,114347052,0
2014,9,Soy Group,BA,229812476,119467217,0
2014,9,Soy Group,GO,55814411,28184383,0
2014,9,Soy Group,MA,204268845,103103815,0
2014,9,Soy Group,MG,65643303,34585524,0
2014,9,Soy Group,MS,54454897,26991247,0
2014,9,Soy Group,MT,383536750,197506249,0
2014,9,Soy Group,PA,49678289,24325178,0
2014,9,Soy Group,PI,62679980,30893250,0
2014,9,Soy Group,PR,225936337,116785630,0
2014,9,Soy Group,RS,1054213593,522643615,0
2014,9,Soy Group,SC,32374690,16471315,0
2014,9,Soy Group,SP,136761562,67984450,0
2014,9,Soy Group,TO,110307419,55354634,0
2014,10,Soy Group,BA,46205696,23585084,0
2014,10,Soy Group,MA,192547865,96259750,0
2014,10,Soy Group,MT,154623702,75303303,0
2014,10,Soy Group,PA,46539524,23072937,0
2014,10,Soy Group,PI,35371188,16942572,0
2014,10,Soy Group,PR,72963735,32052141,0
2014,10,Soy Group,RS,134727586,66372387,0
2014,10,Soy Group,TO,49711123,25275417,0
2014,11,Soy Group,MA,57764750,28034877,0
2014,11,Soy Group,MT,42075174,17524016,0
2014,11,Soy Group,RS,54480343,24515687,0
2014,12,Soy Group,MT,34102101,18458372,0
2014,12,Soy Group,PR,26629260,13482612,0
2014,12,Soy Group,RS,75654680,40268338,0
2015,1,Soy Group,MG,23300250,10085047,0
2015,1,Soy Group,PR,50478930,20217787,0
2015,1,Soy Group,SC,11240420,4499990,0
2015,2,Soy Group,GO,18686278,7171076,0
2015,2,Soy Group,MS,149178999,58204683,0
2015,2,Soy Group,MT,307644349,126683788,0
2015,2,Soy Group,PR,210162751,82445782,0
2015,2,Soy Group,RO,16888960,6528114,0
2015,2,Soy Group,SC,97167548,37811947,0
2015,2,Soy Group,SP,10899960,4476240,0
2015,3,Soy Group,BA,50533898,19767737,0
2015,3,Soy Group,DF,58808705,22288195,0
2015,3,Soy Group,GO,647855787,252085228,0
2015,3,Soy Group,MA,114979145,47001652,0
2015,3,Soy Group,MG,259080637,100662044,0
2015,3,Soy Group,MS,333555431,130487317,0
2015,3,Soy Group,MT,2244063595,894812198,0
2015,3,Soy Group,PR,724884535,290419317,0
2015,3,Soy Group,RO,62551737,24400459,0
2015,3,Soy Group,RS,303764494,119420481,0
2015,3,Soy Group,SC,87350743,33422279,0
2015,3,Soy Group,SP,419859551,164575782,0
2015,3,Soy Group,TO,127996246,51384209,0
2015,4,Soy Group,BA,280292874,108533120,0
2015,4,Soy Group,DF,11742307,4327602,0
2015,4,Soy Group,GO,237666420,90803326,0
2015,4,Soy Group,MA,240856887,93841327,0
2015,4,Soy Group,MG,138787346,53967226,0
2015,4,Soy Group,MS,285106934,110966588,0
2015,4,Soy Group,MT,1158142616,454041355,0
2015,4,Soy Group,ND,18268652,6957982,0
2015,4,Soy Group,PA,52919906,20742344,0
2015,4,Soy Group,PI,20589407,8330422,0
2015,4,Soy Group,PR,1281958567,493937294,0
2015,4,Soy Group,RO,90477074,34545087,0
2015,4,Soy Group,RS,1666148923,640854037,0
2015,4,Soy Group,SC,396353830,152127918,0
2015,4,Soy Group,SP,131896613,50681755,0
2015,4,Soy Group,TO,305250561,119607166,0
2015,5,Soy Group,BA,268055397,103676773,0
2015,5,Soy Group,DF,16269526,6062919,0
2015,5,Soy Group,GO,584930020,221858266,0
2015,5,Soy Group,MA,344480726,133746621,0
2015,5,Soy Group,MG,468977247,185656745,0
2015,5,Soy Group,MS,718840798,278795170,0
2015,5,Soy Group,MT,2645572119,1021215993,0
2015,5,Soy Group,PA,98147780,37174636,0
2015,5,Soy Group,PI,127724352,49262037,0
2015,5,Soy Group,PR,840837978,328001403,0
2015,5,Soy Group,RO,71449750,26838875,0
2015,5,Soy Group,RS,1360849341,524765176,0
2015,5,Soy Group,SC,352167823,138470328,0
2015,5,Soy Group,SP,792363775,307525038,0
2015,5,Soy Group,TO,410242959,158239733,0
2015,6,Soy Group,BA,321722492,125800507,0
2015,6,Soy Group,DF,18980817,7221629,0
2015,6,Soy Group,GO,604549259,228253156,0
2015,6,Soy Group,MA,321195565,122267799,0
2015,6,Soy Group,MG,422422304,163404014,0
2015,6,Soy Group,MS,680862287,261012512,0
2015,6,Soy Group,MT,2771021440,1064458836,0
2015,6,Soy Group,PA,171485790,65315267,0
2015,6,Soy Group,PI,162534955,62700123,0
2015,6,Soy Group,PR,1382700329,528128625,0
2015,6,Soy Group,RO,118464893,44515753,0
2015,6,Soy Group,RS,1641642794,630481838,0
2015,6,Soy Group,SC,189221880,72080254,0
2015,6,Soy Group,SP,524373185,202212559,0
2015,6,Soy Group,TO,293353215,112306674,0
2015,7,Soy Group,BA,372132336,144165857,0
2015,7,Soy Group,DF,10448697,3995866,0
2015,7,Soy Group,GO,559736980,211348230,0
2015,7,Soy Group,MA,302903683,117876675,0
2015,7,Soy Group,MG,325320120,124869919,0
2015,7,Soy Group,MS,641578427,244137922,0
2015,7,Soy Group,MT,2132545346,805721468,0
2015,7,Soy Group,PA,237451610,91622926,0
2015,7,Soy Group,PI,176521945,68036048,0
2015,7,Soy Group,PR,1068904563,410543196,0
2015,7,Soy Group,RO,75704537,28319519,0
2015,7,Soy Group,RS,1696872313,646888706,0
2015,7,Soy Group,SC,80918950,30439077,0
2015,7,Soy Group,SP,387002448,150190858,0
2015,7,Soy Group,TO,197055451,75645340,0
2015,8,Soy Group,BA,339733186,132219253,0
2015,8,Soy Group,DF,19448274,7728859,0
2015,8,Soy Group,GO,229132762,88946993,0
2015,8,Soy Group,MA,216448237,84512482,0
2015,8,Soy Group,MG,197054898,76520717,0
2015,8,Soy Group,MS,212429418,81912876,0
2015,8,Soy Group,MT,1169241645,460999984,0
2015,8,Soy Group,PA,86735172,33709724,0
2015,8,Soy Group,PI,112707084,43854267,0
2015,8,Soy Group,PR,882672644,336662891,0
2015,8,Soy Group,RO,23529419,8929391,0
2015,8,Soy Group,RS,1258550818,486307994,0
2015,8,Soy Group,SC,90581197,34469344,0
2015,8,Soy Group,SP,209527301,84248335,0
2015,8,Soy Group,TO,113229536,43456993,0
2015,9,Soy Group,BA,355228451,136107436,0
2015,9,Soy Group,DF,37792072,14438507,0
2015,9,Soy Group,GO,122888278,46539796,0
2015,9,Soy Group,MA,175874100,67501182,0
2015,9,Soy Group,MG,80053234,31003694,0
2015,9,Soy Group,MS,147045099,56951786,0
2015,9,Soy Group,MT,690429332,266149722,0
2015,9,Soy Group,PA,21257632,8310409,0
2015,9,Soy Group,PI,106349978,43082595,0
2015,9,Soy Group,PR,590096808,225114715,0
2015,9,Soy Group,RO,24328149,9730165,0
2015,9,Soy Group,RS,1186786339,461684554,0
2015,9,Soy Group,SC,39205007,14870154,0
2015,9,Soy Group,SP,33434241,12588262,0
2015,9,Soy Group,TO,88657039,33638051,0
2015,10,Soy Group,BA,383904316,146209094,0
2015,10,Soy Group,GO,178662224,67622451,0
2015,10,Soy Group,MA,60782749,23760292,0
2015,10,Soy Group,MG,38161270,14559102,0
2015,10,Soy Group,MS,41710945,15663567,0
2015,10,Soy Group,MT,439972408,169120016,0
2015,10,Soy Group,PI,26595328,10467361,0
2015,10,Soy Group,PR,284845441,107248481,0
2015,10,Soy Group,RO,15370230,6571034,0
2015,10,Soy Group,RR,9715765,4383462,0
2015,10,Soy Group,RS,929987759,355392092,0
2015,10,Soy Group,SC,28014018,10666043,0
2015,10,Soy Group,SP,103254226,37722420,0
2015,10,Soy Group,TO,33787241,12714596,0
2015,11,Soy Group,BA,146037126,55028982,0
2015,11,Soy Group,DF,49967820,19187344,0
2015,11,Soy Group,GO,26128670,9999443,0
2015,11,Soy Group,MS,105948257,39785904,0
2015,11,Soy Group,MT,219677995,88409811,0
2015,11,Soy Group,PR,214591911,81658663,0
2015,11,Soy Group,RS,550827498,207135487,0
2015,11,Soy Group,SC,79085088,30695340,0
2015,11,Soy Group,SP,37487198,14285039,0
2015,12,Soy Group,BA,92227556,37411389,0
2015,12,Soy Group,GO,14995068,5637188,0
2015,12,Soy Group,MS,131213053,50357387,0
2015,12,Soy Group,MT,122210081,47217647,0
2015,12,Soy Group,PR,247533649,94149507,0
2015,12,Soy Group,RS,56954895,20904724,0
2015,12,Soy Group,SC,57912865,22682409,0
2016,1,Soy Group,MS,31125570,11807814,0
2016,1,Soy Group,PR,236270378,88627879,0
2016,1,Soy Group,RS,59089502,20908567,0
2016,1,Soy Group,SC,65092000,25261064,0
2016,2,Soy Group,AM,29714231,10257947,0
2016,2,Soy Group,GO,84859235,28744094,0
2016,2,Soy Group,MG,31714135,11122850,0
2016,2,Soy Group,MS,113308604,40256981,0
2016,2,Soy Group,MT,552683611,192812826,0
2016,2,Soy Group,PR,544696078,187145753,0
2016,2,Soy Group,RO,32082107,11115041,0
2016,2,Soy Group,RS,106796362,37481195,0
2016,2,Soy Group,SC,91699973,32375098,0
2016,2,Soy Group,SP,255055447,89204289,0
2016,3,Soy Group,BA,106983442,38073143,0
2016,3,Soy Group,GO,877312156,299929420,0
2016,3,Soy Group,MA,92666965,33216621,0
2016,3,Soy Group,MG,332655503,114779873,0
2016,3,Soy Group,MS,917945427,317513144,0
2016,3,Soy Group,MT,3128656185,1097170790,0
2016,3,Soy Group,PA,19003111,6697039,0
2016,3,Soy Group,PR,1536700515,534735056,0
2016,3,Soy Group,RO,47842172,16568213,0
2016,3,Soy Group,RS,184069930,62998031,0
2016,3,Soy Group,SC,134295814,46850114,0
2016,3,Soy Group,SP,673487224,236513506,0
2016,3,Soy Group,TO,108134391,38118819,0
2016,4,Soy Group,BA,319234647,112692244,0
2016,4,Soy Group,GO,783587646,275938543,0
2016,4,Soy Group,MA,213812037,75515456,0
2016,4,Soy Group,MG,619946632,217141848,0
2016,4,Soy Group,MS,541113744,186661300,0
2016,4,Soy Group,MT,2958938958,1031758007,0
2016,4,Soy Group,PA,33903871,11818920,0
2016,4,Soy Group,PI,32913559,11814651,0
2016,4,Soy Group,PR,1639070831,572845782,0
2016,4,Soy Group,RO,148498102,50417215,0
2016,4,Soy Group,RS,1160658796,407415875,0
2016,4,Soy Group,SC,264782802,90858559,0
2016,4,Soy Group,SP,631866958,221309615,0
2016,4,Soy Group,TO,295541810,104147643,0
2016,5,Soy Group,BA,352879352,127584289,0
2016,5,Soy Group,GO,612007955,221234720,0
2016,5,Soy Group,MA,159704955,58949472,0
2016,5,Soy Group,MG,487692533,178386893,0
2016,5,Soy Group,MS,471562114,169336220,0
2016,5,Soy Group,MT,2888071502,1045184485,0
2016,5,Soy Group,PA,114332230,41332647,0
2016,5,Soy Group,PI,76186665,27986870,0
2016,5,Soy Group,PR,1176605601,423971481,0
2016,5,Soy Group,RO,141093125,48462698,0
2016,5,Soy Group,RS,1881963266,694861451,0
2016,5,Soy Group,SC,272715232,95901382,0
2016,5,Soy Group,SP,591415864,219111380,0
2016,5,Soy Group,TO,270381801,97939860,0
2016,6,Soy Group,BA,81547725,30539878,0
2016,6,Soy Group,GO,481914256,184546170,0
2016,6,Soy Group,MA,148232869,54980874,0
2016,6,Soy Group,MG,378452252,142343831,0
2016,6,Soy Group,MS,295510781,110168888,0
2016,6,Soy Group,MT,2227774148,853377793,0
2016,6,Soy Group,PA,115863200,44602467,0
2016,6,Soy Group,PI,64342797,23460650,0
2016,6,Soy Group,PR,949494232,358226837,0
2016,6,Soy Group,RO,66855516,26789012,0
2016,6,Soy Group,RS,1738369660,687714426,0
2016,6,Soy Group,SC,219046861,78751348,0
2016,6,Soy Group,SP,483288813,191267304,0
2016,6,Soy Group,TO,198776270,73892814,0
2016,7,Soy Group,BA,79793201,31679788,0
2016,7,Soy Group,GO,340513677,138914243,0
2016,7,Soy Group,MA,66876637,26370911,0
2016,7,Soy Group,MG,247356970,101804605,0
2016,7,Soy Group,MS,289377952,123621360,0
2016,7,Soy Group,MT,1309674749,548954085,0
2016,7,Soy Group,PA,182826033,76452991,0
2016,7,Soy Group,PI,11863258,4759082,0
2016,7,Soy Group,PR,772510551,313202613,0
2016,7,Soy Group,RO,42259991,17564788,0
2016,7,Soy Group,RS,1671163289,712871586,0
2016,7,Soy Group,SC,169903329,69411222,0
2016,7,Soy Group,SP,311040858,138714496,0
2016,7,Soy Group,TO,110339744,44937932,0
2016,8,Soy Group,BA,247868791,95670066,0
2016,8,Soy Group,GO,273712559,109701459,0
2016,8,Soy Group,MA,183762124,75466511,0
2016,8,Soy Group,MG,126752959,48991094,0
2016,8,Soy Group,MS,115018425,47862740,0
2016,8,Soy Group,MT,576711578,238739155,0
2016,8,Soy Group,PA,183699854,74472451,0
2016,8,Soy Group,PI,40875923,15930961,0
2016,8,Soy Group,PR,349704080,146630159,0
2016,8,Soy Group,RS,1327413374,569316700,0
2016,8,Soy Group,SC,124396142,57728477,0
2016,8,Soy Group,SP,156723117,65533078,0
2016,8,Soy Group,TO,86082153,35100335,0
2016,9,Soy Group,AP,25121480,10318899,0
2016,9,Soy Group,BA,71853729,29465625,0
2016,9,Soy Group,GO,75638205,32133766,0
2016,9,Soy Group,MA,76037421,30376858,0
2016,9,Soy Group,MG,43114751,17639106,0
2016,9,Soy Group,MS,62362057,27029989,0
2016,9,Soy Group,MT,186194504,74902741,0
2016,9,Soy Group,PA,21351074,8698543,0
2016,9,Soy Group,PI,28354978,11398405,0
2016,9,Soy Group,PR,284849946,123202004,0
2016,9,Soy Group,RS,487568270,206872433,0
2016,9,Soy Group,SC,44276664,19276720,0
2016,9,Soy Group,SP,25557121,10068282,0
2016,10,Soy Group,BA,70342795,28000353,0
2016,10,Soy Group,GO,19290768,7869463,0
2016,10,Soy Group,MG,14088078,5995334,0
2016,10,Soy Group,MT,67194801,27273906,0
2016,10,Soy Group,PR,298009166,125790447,0
2016,10,Soy Group,RR,16367375,6899012,0
2016,10,Soy Group,RS,445730805,184444358,0
2016,10,Soy Group,SC,35656420,14896849,0
2016,11,Soy Group,MT,40888128,17234754,0
2016,11,Soy Group,RS,202478270,81994602,0
2016,11,Soy Group,SC,59249569,25126254,0
2016,12,Soy Group,BA,70405782,29215831,0
2016,12,Soy Group,MT,33908699,15290609,0
2016,12,Soy Group,PR,182181176,77472816,0
2016,12,Soy Group,RS,264128270,106435653,0
2016,12,Soy Group,SC,83164619,36345957,0
2016,12,Soy Group,SP,13699622,5730552,0
2017,1,Soy Group,GO,43090066,17325820,0
2017,1,Soy Group,MG,17298873,6948875,0
2017,1,Soy Group,MS,65084346,25803088,0
2017,1,Soy Group,MT,195418599,78578215,0
2017,1,Soy Group,PR,145686644,57558694,0
2017,1,Soy Group,RS,312119608,123475510,0
2017,1,Soy Group,SC,46027953,19379040,0
2017,1,Soy Group,SP,22558756,8962402,0
2017,2,Soy Group,DF,52657443,20670911,0
2017,2,Soy Group,GO,347421691,138116306,0
2017,2,Soy Group,MG,67879017,26707322,0
2017,2,Soy Group,MS,221461897,88680091,0
2017,2,Soy Group,MT,1450441057,577138553,0
2017,2,Soy Group,PR,601837205,242119816,0
2017,2,Soy Group,RO,24748960,9793783,0
2017,2,Soy Group,RS,90083993,36722897,0
2017,2,Soy Group,SC,227522398,93305318,0
2017,2,Soy Group,SP,89564538,36293834,0
2017,3,Soy Group,BA,175943528,70106615,0
2017,3,Soy Group,DF,49570390,19460737,0
2017,3,Soy Group,GO,940387863,369049196,0
2017,3,Soy Group,MA,138660669,54687964,0
2017,3,Soy Group,MG,395911596,154937488,0
2017,3,Soy Group,MS,755630570,295287697,0
2017,3,Soy Group,MT,2761813595,1086459045,0
2017,3,Soy Group,ND,28577080,11145534,0
2017,3,Soy Group,PA,51842785,19946530,0
2017,3,Soy Group,PI,19324680,7681276,0
2017,3,Soy Group,PR,1710402884,677988354,0
2017,3,Soy Group,RO,92413993,36672667,0
2017,3,Soy Group,RS,629177578,247193190,0
2017,3,Soy Group,SC,203462501,85850505,0
2017,3,Soy Group,SP,503300660,195065296,0
2017,3,Soy Group,TO,194448725,75020701,0
2017,4,Soy Group,BA,301015884,115441178,0
2017,4,Soy Group,DF,58152346,22729285,0
2017,4,Soy Group,GO,765067629,290973228,0
2017,4,Soy Group,MA,243442944,93405969,0
2017,4,Soy Group,MG,451390597,173185622,0
2017,4,Soy Group,MS,569943394,215151630,0
2017,4,Soy Group,MT,3091519638,1166067276,0
2017,4,Soy Group,ND,29699569,11109255,0
2017,4,Soy Group,PA,74163495,27925477,0
2017,4,Soy Group,PI,86225294,32592692,0
2017,4,Soy Group,PR,1347958108,512750549,0
2017,4,Soy Group,RO,91410822,34450913,0
2017,4,Soy Group,RS,1473146413,551203248,0
2017,4,Soy Group,SC,205198425,78468797,0
2017,4,Soy Group,SP,904476607,342680536,0
2017,4,Soy Group,TO,394439290,150252729,0
2017,5,Soy Group,BA,460764858,170606066,0
2017,5,Soy Group,DF,13250158,4977019,0
2017,5,Soy Group,GO,607652650,227966822,0
2017,5,Soy Group,MA,345877625,131674995,0
2017,5,Soy Group,MG,544917071,200404741,0
2017,5,Soy Group,MS,431862705,158002439,0
2017,5,Soy Group,MT,3012768940,1116689378,0
2017,5,Soy Group,ND,58322061,21432866,0
2017,5,Soy Group,PA,171885974,64201256,0
2017,5,Soy Group,PI,135514643,51043039,0
2017,5,Soy Group,PR,1362108654,500931064,0
2017,5,Soy Group,RO,97520144,34658244,0
2017,5,Soy Group,RS,1830536687,672277547,0
2017,5,Soy Group,SC,355143948,132217255,0
2017,5,Soy Group,SP,701168257,258835034,0
2017,5,Soy Group,TO,423471965,159641714,0
2017,6,Soy Group,BA,369468355,136455765,0
2017,6,Soy Group,DF,42650683,15601464,0
2017,6,Soy Group,GO,637362781,236180144,0
2017,6,Soy Group,MA,293170578,108614622,0
2017,6,Soy Group,MG,323562563,119473894,0
2017,6,Soy Group,MS,435235129,157445641,0
2017,6,Soy Group,MT,2711072508,985108444,0
2017,6,Soy Group,ND,31158296,11161176,0
2017,6,Soy Group,PA,207664325,75338194,0
2017,6,Soy Group,PI,190923566,70768799,0
2017,6,Soy Group,PR,1267924994,462059481,0
2017,6,Soy Group,RO,71787112,25575807,0
2017,6,Soy Group,RS,1260640246,460902792,0
2017,6,Soy Group,SC,171428849,62027980,0
2017,6,Soy Group,SP,513368158,184522371,0
2017,6,Soy Group,TO,305357928,112958167,0
2017,7,Soy Group,BA,290662209,106577755,0
2017,7,Soy Group,DF,20785996,7535745,0
2017,7,Soy Group,GO,532105799,196066231,0
2017,7,Soy Group,MA,304398062,109870648,0
2017,7,Soy Group,MG,292261416,106812587,0
2017,7,Soy Group,MS,364072766,130430316,0
2017,7,Soy Group,MT,1501203563,543224933,0
2017,7,Soy Group,PA,152180131,54122019,0
2017,7,Soy Group,PI,83447301,30706795,0
2017,7,Soy Group,PR,1223669061,447341481,0
2017,7,Soy Group,RO,68408659,23454439,0
2017,7,Soy Group,RS,1386530050,512982623,0
2017,7,Soy Group,SC,136288965,50188699,0
2017,7,Soy Group,SP,264965145,95487067,0
2017,7,Soy Group,TO,188350562,68059904,0
2017,8,Soy Group,BA,537651279,204615842,0
2017,8,Soy Group,DF,13446474,5005209,0
2017,8,Soy Group,ES,11020320,4336937,0
2017,8,Soy Group,GO,378976038,143246049,0
2017,8,Soy Group,MA,324733958,122812880,0
2017,8,Soy Group,MG,185247160,69970222,0
2017,8,Soy Group,MS,275969733,103508412,0
2017,8,Soy Group,MT,926563482,347244900,0
2017,8,Soy Group,PA,216105221,79804446,0
2017,8,Soy Group,PI,85162843,33192357,0
2017,8,Soy Group,PR,892019166,335520937,0
2017,8,Soy Group,RS,1547237337,578837921,0
2017,8,Soy Group,SC,139437704,51635218,0
2017,8,Soy Group,SP,172226196,65290662,0
2017,8,Soy Group,TO,195793836,72231106,0
2017,9,Soy Group,AP,30660296,11980817,0
2017,9,Soy Group,BA,322326410,123441594,0
2017,9,Soy Group,ES,21113130,7775544,0
2017,9,Soy Group,GO,238818151,90233897,0
2017,9,Soy Group,MA,163634913,61097849,0
2017,9,Soy Group,MG,122890304,46393288,0
2017,9,Soy Group,MS,113840140,42733983,0
2017,9,Soy Group,MT,542426390,206406614,0
2017,9,Soy Group,PA,97199800,35134311,0
2017,9,Soy Group,PI,103306868,39669341,0
2017,9,Soy Group,PR,767928978,288616058,0
2017,9,Soy Group,RS,1320579261,496374540,0
2017,9,Soy Group,SC,137691716,50265923,0
2017,9,Soy Group,SP,114352282,43711661,0
2017,9,Soy Group,TO,148644703,55793671,0
2017,10,Soy Group,AP,20510000,7527170,0
2017,10,Soy Group,BA,321316222,121258990,0
2017,10,Soy Group,GO,140279295,53040363,0
2017,10,Soy Group,MA,33184058,12110438,0
2017,10,Soy Group,MG,100977370,37739794,0
2017,10,Soy Group,MS,67632772,25991547,0
2017,10,Soy Group,MT,164701477,62565341,0
2017,10,Soy Group,PI,12909063,4932947,0
2017,10,Soy Group,PR,590628529,224965450,0
2017,10,Soy Group,RS,839721289,316377519,0
2017,10,Soy Group,SC,89565982,33396346,0
2017,10,Soy Group,SP,19068996,7127485,0
2017,10,Soy Group,TO,78213588,29182317,0
2017,11,Soy Group,BA,171750559,65152509,0
2017,11,Soy Group,ES,29150000,11519498,0
2017,11,Soy Group,GO,72271506,27481240,0
2017,11,Soy Group,MA,22348114,8575181,0
2017,11,Soy Group,MG,51974037,19689139,0
2017,11,Soy Group,MS,24826210,9486554,0
2017,11,Soy Group,MT,182989685,69880122,0
2017,11,Soy Group,PI,32307682,12410722,0
2017,11,Soy Group,PR,577895721,218511845,0
2017,11,Soy Group,RO,10565240,4144109,0
2017,11,Soy Group,RR,53938697,21414272,0
2017,11,Soy Group,RS,746405410,283786575,0
2017,11,Soy Group,SC,71775817,27349863,0
2017,11,Soy Group,SP,19833228,7588236,0
2017,11,Soy Group,TO,69604025,26462415,0
2017,12,Soy Group,BA,141749248,53261725,0
2017,12,Soy Group,ES,33010710,13017113,0
2017,12,Soy Group,GO,101565385,39246680,0
2017,12,Soy Group,MA,18369428,7081016,0
2017,12,Soy Group,MG,71760134,28187716,0
2017,12,Soy Group,MS,132756526,51400908,0
2017,12,Soy Group,MT,229329840,91634713,0
2017,12,Soy Group,PI,71896550,27617410,0
2017,12,Soy Group,PR,436338907,168231238,0
2017,12,Soy Group,RO,38145274,14858347,0
2017,12,Soy Group,RS,913104559,353916738,0
2017,12,Soy Group,SC,61073791,23011795,0
2017,12,Soy Group,SP,83444251,32805930,0
2017,12,Soy Group,TO,16487827,6306184,0
2018,1,Soy Group,BA,11357360,4111954,0
2018,1,Soy Group,ES,31618160,12438268,0
2018,1,Soy Group,GO,211865504,80446738,0
2018,1,Soy Group,MG,41452763,15722645,0
2018,1,Soy Group,MS,124159474,47903164,0
2018,1,Soy Group,MT,176819829,67261335,0
2018,1,Soy Group,PR,345094090,131025265,0
2018,1,Soy Group,RS,476616514,180959763,0
2018,1,Soy Group,SC,86833348,32522699,0
2018,1,Soy Group,SP,55075908,20827706,0
2018,2,Soy Group,BA,29507738,11246741,0
2018,2,Soy Group,DF,73199284,27038542,0
2018,2,Soy Group,GO,209322809,80296798,0
2018,2,Soy Group,MA,40519551,15431163,0
2018,2,Soy Group,MG,31092475,12529290,0
2018,2,Soy Group,MS,36761921,13973786,0
2018,2,Soy Group,MT,972850327,367959084,0
2018,2,Soy Group,PI,21635627,8254927,0
2018,2,Soy Group,PR,409197883,157037200,0
2018,2,Soy Group,RO,65596173,24718727,0
2018,2,Soy Group,RS,518698218,200137592,0
2018,2,Soy Group,SC,51613650,19819408,0
2018,2,Soy Group,SP,110381559,41548815,0
2018,3,Soy Group,BA,190775222,76332544,0
2018,3,Soy Group,GO,808081871,317603998,0
2018,3,Soy Group,MA,136640965,52800983,0
2018,3,Soy Group,MG,404008272,159400269,0
2018,3,Soy Group,MS,578383143,223371722,0
2018,3,Soy Group,MT,3113506260,1198203373,0
2018,3,Soy Group,PA,38681520,14637454,0
2018,3,Soy Group,PI,21783201,8494554,0
2018,3,Soy Group,PR,1123452660,441692205,0
2018,3,Soy Group,RO,135894605,51038213,0
2018,3,Soy Group,RS,896986579,360245684,0
2018,3,Soy Group,SC,89570845,35830604,0
2018,3,Soy Group,SP,672973186,262556069,0
2018,3,Soy Group,TO,157051189,59911741,0
2018,4,Soy Group,BA,233949677,95958122,0
2018,4,Soy Group,DF,27129323,11097366,0
2018,4,Soy Group,GO,801088223,321749893,0
2018,4,Soy Group,MA,235897057,91682211,0
2018,4,Soy Group,MG,620259666,245644036,0
2018,4,Soy Group,MS,578062253,232596052,0
2018,4,Soy Group,MT,2783905578,1094157510,0
2018,4,Soy Group,PA,132661770,52643850,0
2018,4,Soy Group,PI,66908573,26284587,0
2018,4,Soy Group,PR,1562108401,634728238,0
2018,4,Soy Group,RO,150653288,57783464,0
2018,4,Soy Group,RS,1312101807,549526365,0
2018,4,Soy Group,SC,182523576,74067819,0
2018,4,Soy Group,SP,786484129,313876360,0
2018,4,Soy Group,TO,413668884,160163756,0
2018,5,Soy Group,BA,385286089,158635333,0
2018,5,Soy Group,DF,49456051,21260523,0
2018,5,Soy Group,GO,1002261350,409320343,0
2018,5,Soy Group,MA,317217483,127661917,0
2018,5,Soy Group,MG,768151229,309573265,0
2018,5,Soy Group,MS,618156386,249089172,0
2018,5,Soy Group,MT,3134328836,1258937360,0
2018,5,Soy Group,ND,27565220,11588635,0
2018,5,Soy Group,PA,191334432,76233698,0
2018,5,Soy Group,PI,200704791,81511594,0
2018,5,Soy Group,PR,1212946861,497230773,0
2018,5,Soy Group,RO,82738655,32190830,0
2018,5,Soy Group,RS,1850482518,758794234,0
2018,5,Soy Group,SC,276527388,112252899,0
2018,5,Soy Group,SP,1086984815,432690916,0
2018,5,Soy Group,TO,580389798,233594945,0
2018,6,Soy Group,AL,21504517,9103077,0
2018,6,Soy Group,BA,233778392,94732972,0
2018,6,Soy Group,DF,58318070,23937984,0
2018,6,Soy Group,GO,820572598,332597434,0
2018,6,Soy Group,MA,388696514,155552992,0
2018,6,Soy Group,MG,565237606,231965292,0
2018,6,Soy Group,MS,794380596,321953240,0
2018,6,Soy Group,MT,2564519017,1036014539,0
2018,6,Soy Group,ND,17728890,7336423,0
2018,6,Soy Group,PA,219780496,88441616,0
2018,6,Soy Group,PI,226165117,88592882,0
2018,6,Soy Group,PR,1683985627,680525406,0
2018,6,Soy Group,RO,116047419,46434576,0
2018,6,Soy Group,RS,1124541372,448961071,0
2018,6,Soy Group,SC,238639701,95254135,0
2018,6,Soy Group,SP,586742173,240601342,0
2018,6,Soy Group,TO,314376795,125905641,0
2018,7,Soy Group,BA,515603399,205076123,0
2018,7,Soy Group,DF,23837177,9333175,0
2018,7,Soy Group,GO,748923974,300609612,0
2018,7,Soy Group,MA,448943268,179604108,0
2018,7,Soy Group,MG,706155654,288456140,0
2018,7,Soy Group,MS,578440339,235548883,0
2018,7,Soy Group,MT,2563889090,1020976348,0
2018,7,Soy Group,PA,263598438,104622993,0
2018,7,Soy Group,PI,223748865,90405342,0
2018,7,Soy Group,PR,1422448204,574607414,0
2018,7,Soy Group,RO,115246429,45677206,0
2018,7,Soy Group,RS,1062620991,420891317,0
2018,7,Soy Group,SC,274654324,109198998,0
2018,7,Soy Group,SP,409896092,163726064,0
2018,7,Soy Group,TO,361173576,144167529,0
2018,8,Soy Group,BA,533921849,210102221,0
2018,8,Soy Group,DF,33760341,13231946,0
2018,8,Soy Group,GO,698172357,279551860,0
2018,8,Soy Group,MA,398800083,155436361,0
2018,8,Soy Group,MG,476254494,189026751,0
2018,8,Soy Group,MS,395848395,158758911,0
2018,8,Soy Group,MT,1227286590,487402428,0
2018,8,Soy Group,ND,27745437,11058826,0
2018,8,Soy Group,PA,235867081,94125838,0
2018,8,Soy Group,PI,265266226,101962774,0
2018,8,Soy Group,PR,1352959574,544200492,0
2018,8,Soy Group,RO,47165070,18078388,0
2018,8,Soy Group,RS,1440390873,560882445,0
2018,8,Soy Group,SC,407655558,160791120,0
2018,8,Soy Group,SP,211971221,82846913,0
2018,8,Soy Group,TO,320844778,124342758,0
2018,9,Soy Group,BA,312900272,121489384,0
2018,9,Soy Group,GO,317066908,125247007,0
2018,9,Soy Group,MA,127939143,50233826,0
2018,9,Soy Group,MG,206728531,81690661,0
2018,9,Soy Group,MS,184657389,76681731,0
2018,9,Soy Group,MT,466543492,185913934,0
2018,9,Soy Group,ND,138842909,54216666,0
2018,9,Soy Group,PA,54148989,21835816,0
2018,9,Soy Group,PI,118891892,45668765,0
2018,9,Soy Group,PR,943221308,391992056,0
2018,9,Soy Group,RS,1157243071,455026574,0
2018,9,Soy Group,SC,204119086,76864611,0
2018,9,Soy Group,SP,154018730,60187864,0
2018,9,Soy Group,TO,82455680,31494635,0
2018,10,Soy Group,AP,46599629,18442011,0
2018,10,Soy Group,BA,518043618,201381735,0
2018,10,Soy Group,DF,19455261,7388777,0
2018,10,Soy Group,GO,246171500,99885975,0
2018,10,Soy Group,MA,258541830,100398134,0
2018,10,Soy Group,MG,190351512,74673237,0
2018,10,Soy Group,MS,265218915,106885947,0
2018,10,Soy Group,MT,510365627,201375334,0
2018,10,Soy Group,ND,297936506,116345820,0
2018,10,Soy Group,PA,61995243,22968849,0
2018,10,Soy Group,PI,192565622,73482318,0
2018,10,Soy Group,PR,912896325,364639085,0
2018,10,Soy Group,RS,1204653786,468901619,0
2018,10,Soy Group,SC,256994494,98443293,0
2018,10,Soy Group,SP,41901340,16736582,0
2018,10,Soy Group,TO,158234165,61755843,0
2018,11,Soy Group,BA,553006053,215237355,0
2018,11,Soy Group,GO,125529557,50537694,0
2018,11,Soy Group,MA,58948930,23021468,0
2018,11,Soy Group,MG,190571832,75799909,0
2018,11,Soy Group,MS,344033005,134330872,0
2018,11,Soy Group,MT,363052322,143167941,0
2018,11,Soy Group,ND,290102481,113940171,0
2018,11,Soy Group,PA,34973125,14331010,0
2018,11,Soy Group,PI,75163773,29044825,0
2018,11,Soy Group,PR,1254017835,495782789,0
2018,11,Soy Group,RS,1184984525,468725434,0
2018,11,Soy Group,SC,137292358,53618265,0
2018,11,Soy Group,SP,117168986,46556590,0
2018,11,Soy Group,TO,73958920,28210367,0
2018,12,Soy Group,BA,493681704,192861062,0
2018,12,Soy Group,DF,10741518,3985466,0
2018,12,Soy Group,GO,216832928,83154368,0
2018,12,Soy Group,MA,85341060,32531144,0
2018,12,Soy Group,MG,233386554,88281057,0
2018,12,Soy Group,MS,120729629,46304779,0
2018,12,Soy Group,MT,441149250,171672032,0
2018,12,Soy Group,ND,301467786,117194189,0
2018,12,Soy Group,PI,113876131,44263597,0
2018,12,Soy Group,PR,760986287,293879429,0
2018,12,Soy Group,RS,1042099112,400299728,0
2018,12,Soy Group,SC,128228978,50128734,0
2018,12,Soy Group,SP,56703824,22369483,0
2018,12,Soy Group,TO,64866084,25252573,0
2019,1,Soy Group,AM,21434816,7677952,0
2019,1,Soy Group,BA,160792401,63163810,0
2019,1,Soy Group,GO,128689196,49674117,0
2019,1,Soy Group,MA,61635977,23882782,0
2019,1,Soy Group,MG,47208531,18134717,0
2019,1,Soy Group,MS,34732327,13138913,0
2019,1,Soy Group,MT,347250199,129336962,0
2019,1,Soy Group,ND,77143915,28702363,0
2019,1,Soy Group,PI,68827223,27275860,0
2019,1,Soy Group,PR,575274401,217990637,0
2019,1,Soy Group,RR,25946788,9294142,0
2019,1,Soy Group,RS,301190140,110337899,0
2019,1,Soy Group,SC,80635106,31741995,0
2019,1,Soy Group,SP,28180947,10379304,0
2019,1,Soy Group,TO,37621762,14761583,0
2019,2,Soy Group,AM,23504225,8004390,0
2019,2,Soy Group,BA,71483947,27740107,0
2019,2,Soy Group,GO,588197277,210329162,0
2019,2,Soy Group,MA,19241511,6578909,0
2019,2,Soy Group,MG,146465111,52206242,0
2019,2,Soy Group,MS,177168530,63899026,0
2019,2,Soy Group,MT,2523318810,892755193,0
2019,2,Soy Group,PA,43315448,16414054,0
2019,2,Soy Group,PR,640358874,231600158,0
2019,2,Soy Group,RO,94148839,31891252,0
2019,2,Soy Group,SC,142595255,48719490,0
2019,2,Soy Group,SP,498644040,180183061,0
2019,3,Soy Group,BA,99626907,35164860,0
2019,3,Soy Group,DF,22702094,7947828,0
2019,3,Soy Group,GO,746194844,265687734,0
2019,3,Soy Group,MA,176915282,62931922,0
2019,3,Soy Group,MG,401878497,146786390,0
2019,3,Soy Group,MS,589830822,214439783,0
2019,3,Soy Group,MT,3320377525,1179494995,0
2019,3,Soy Group,ND,220001531,78466842,0
2019,3,Soy Group,PA,172554690,64066403,0
2019,3,Soy Group,PI,24384277,8965632,0
2019,3,Soy Group,PR,924280764,331246006,0
2019,3,Soy Group,RO,253759764,88453842,0
2019,3,Soy Group,RS,96186844,34239827,0
2019,3,Soy Group,SC,132424959,48163106,0
2019,3,Soy Group,SP,712367987,255117028,0
2019,3,Soy Group,TO,156834165,56267874,0
2019,4,Soy Group,BA,209978382,73770182,0
2019,4,Soy Group,DF,22965631,8318855,0
2019,4,Soy Group,GO,684108367,238195062,0
2019,4,Soy Group,MA,235424544,84256991,0
2019,4,Soy Group,MG,468205448,166378570,0
2019,4,Soy Group,MS,501807163,179996586,0
2019,4,Soy Group,MT,3149520272,1098530698,0
2019,4,Soy Group,ND,448256202,158771359,0
2019,4,Soy Group,PA,112488659,40370292,0
2019,4,Soy Group,PI,81524877,28608435,0
2019,4,Soy Group,PR,912070170,324075822,0
2019,4,Soy Group,RO,173923868,61767406,0
2019,4,Soy Group,RS,953545575,331411549,0
2019,4,Soy Group,SC,173630760,60177567,0
2019,4,Soy Group,SP,692269044,242072969,0
2019,4,Soy Group,TO,303607522,108622576,0
2019,5,Soy Group,BA,394153946,137227177,0
2019,5,Soy Group,DF,12983551,4370011,0
2019,5,Soy Group,GO,597733666,201935946,0
2019,5,Soy Group,MA,187334184,67590505,0
2019,5,Soy Group,MG,460288711,157734901,0
2019,5,Soy Group,MS,246577191,83714922,0
2019,5,Soy Group,MT,3293740389,1113555721,0
2019,5,Soy Group,ND,454046500,151006053,0
2019,5,Soy Group,PA,153189082,53166984,0
2019,5,Soy Group,PI,149355746,50084851,0
2019,5,Soy Group,PR,843493982,284212715,0
2019,5,Soy Group,RO,216706740,74310198,0
2019,5,Soy Group,RS,1522990462,515843509,0
2019,5,Soy Group,SC,182429199,61095539,0
2019,5,Soy Group,SP,577737955,199392476,0
2019,5,Soy Group,TO,407900534,142423759,0
2019,6,Soy Group,BA,233883075,78528277,0
2019,6,Soy Group,DF,17724447,6036852,0
2019,6,Soy Group,GO,433515219,146736432,0
2019,6,Soy Group,MA,337951978,113651365,0
2019,6,Soy Group,MG,369167630,126527219,0
2019,6,Soy Group,MS,368134659,123002548,0
2019,6,Soy Group,MT,2711532604,909018602,0
2019,6,Soy Group,ND,453336795,155807443,0
2019,6,Soy Group,PA,347234196,118346372,0
2019,6,Soy Group,PI,125466926,42422512,0
2019,6,Soy Group,PR,770580734,262877739,0
2019,6,Soy Group,RO,109894991,36207352,0
2019,6,Soy Group,RS,1114167410,380851386,0
2019,6,Soy Group,SC,275862686,90163036,0
2019,6,Soy Group,SP,497593606,167027230,0
2019,6,Soy Group,TO,263232635,86813650,0
2019,7,Soy Group,BA,219581341,75643912,0
2019,7,Soy Group,DF,24465921,8438369,0
2019,7,Soy Group,GO,504992452,176532253,0
2019,7,Soy Group,MA,504370582,172376553,0
2019,7,Soy Group,MG,334466699,116873042,0
2019,7,Soy Group,MS,232796459,79522468,0
2019,7,Soy Group,MT,1576684688,545710458,0
2019,7,Soy Group,ND,337770000,122847378,0
2019,7,Soy Group,PA,249776567,86062935,0
2019,7,Soy Group,PI,114430461,40399078,0
2019,7,Soy Group,PR,873680786,306163156,0
2019,7,Soy Group,RO,83515375,28857753,0
2019,7,Soy Group,RS,1580890040,561143458,0
2019,7,Soy Group,SC,211803096,71515186,0
2019,7,Soy Group,SP,324543495,113663717,0
2019,7,Soy Group,TO,266088301,91538324,0
2019,8,Soy Group,BA,484777535,167177796,0
2019,8,Soy Group,DF,11988905,4188619,0
2019,8,Soy Group,GO,201380598,71091781,0
2019,8,Soy Group,MA,139224443,48136003,0
2019,8,Soy Group,MG,222589568,78063596,0
2019,8,Soy Group,MS,231947270,80670536,0
2019,8,Soy Group,MT,713861269,251029676,0
2019,8,Soy Group,ND,373096083,135547107,0
2019,8,Soy Group,PA,128308196,44466735,0
2019,8,Soy Group,PI,152006482,52400385,0
2019,8,Soy Group,PR,781695666,273992313,0
2019,8,Soy Group,RO,40208575,13986574,0
2019,8,Soy Group,RS,1101286981,395325194,0
2019,8,Soy Group,SC,139905455,48493535,0
2019,8,Soy Group,SP,87499841,31001244,0
2019,8,Soy Group,TO,139613268,48389828,0
2019,9,Soy Group,BA,528925612,184682358,0
2019,9,Soy Group,GO,162573227,58363894,0
2019,9,Soy Group,MA,177728352,61647899,0
2019,9,Soy Group,MG,257909275,93803390,0
2019,9,Soy Group,MS,113071846,40053921,0
2019,9,Soy Group,MT,579771486,207238209,0
2019,9,Soy Group,ND,197950000,71346184,0
2019,9,Soy Group,PA,105359878,36931879,0
2019,9,Soy Group,PI,145563490,50389003,0
2019,9,Soy Group,PR,599062048,208987756,0
2019,9,Soy Group,RS,1265937692,455487879,0
2019,9,Soy Group,SC,161209396,56390980,0
2019,9,Soy Group,SP,66669443,24337983,0
2019,9,Soy Group,TO,212015856,73282880,0
2019,10,Soy Group,AP,26449349,8728284,0
2019,10,Soy Group,BA,535572700,189170114,0
2019,10,Soy Group,DF,11079840,4056633,0
2019,10,Soy Group,GO,214617176,78423511,0
2019,10,Soy Group,MA,126884173,44534035,0
2019,10,Soy Group,MG,137498518,49554867,0
2019,10,Soy Group,MS,172275689,61360460,0
2019,10,Soy Group,MT,437577950,157377215,0
2019,10,Soy Group,ND,340440866,121385137,0
2019,10,Soy Group,PA,67453617,24117869,0
2019,10,Soy Group,PI,111794710,38845297,0
2019,10,Soy Group,PR,879677141,315908215,0
2019,10,Soy Group,RR,33240943,12068134,0
2019,10,Soy Group,RS,1660317941,605419409,0
2019,10,Soy Group,SC,119602540,42846427,0
2019,10,Soy Group,SP,94656553,34935830,0
2019,10,Soy Group,TO,106401335,36715946,0
2019,11,Soy Group,BA,292956753,106679240,0
2019,11,Soy Group,GO,193975550,68996905,0
2019,11,Soy Group,MA,207993575,73831819,0
2019,11,Soy Group,MG,198400425,72409265,0
2019,11,Soy Group,MS,209148488,76396205,0
2019,11,Soy Group,MT,577524121,210727056,0
2019,11,Soy Group,ND,498724000,182052650,0
2019,11,Soy Group,PA,31612346,11457451,0
2019,11,Soy Group,PI,164595766,59277422,0
2019,11,Soy Group,PR,993709148,361878404,0
2019,11,Soy Group,RR,29933646,11381739,0
2019,11,Soy Group,RS,1161312609,432858914,0
2019,11,Soy Group,SC,135256888,48964839,0
2019,11,Soy Group,SP,133592794,48663522,0
2019,11,Soy Group,TO,112270934,39979347,0
2019,12,Soy Group,BA,15196703,5625505,0
2019,12,Soy Group,GO,240310782,88582741,0
2019,12,Soy Group,MA,74733223,26748782,0
2019,12,Soy Group,MG,148923407,55040045,0
2019,12,Soy Group,MS,48953304,18004835,0
2019,12,Soy Group,MT,492431629,183267233,0
2019,12,Soy Group,ND,363141500,129060295,0
2019,12,Soy Group,PA,24253881,8282869,0
2019,12,Soy Group,PI,21283356,7829019,0
2019,12,Soy Group,PR,740523006,269009857,0
2019,12,Soy Group,RR,22141951,8313201,0
2019,12,Soy Group,RS,855549514,310457454,0
2019,12,Soy Group,SC,105146260,38365208,0
2019,12,Soy Group,SP,41203628,14869696,0
2019,12,Soy Group,TO,67799948,24404815,0
2020,1,Soy Group,BA,21131163,7632293,0
2020,1,Soy Group,GO,56505501,20991173,0
2020,1,Soy Group,MA,83946435,29792135,0
2020,1,Soy Group,MG,54898519,20376393,0
2020,1,Soy Group,MT,353368057,124739586,0
2020,1,Soy Group,PA,89507880,32616992,0
2020,1,Soy Group,PI,53346775,18866422,0
2020,1,Soy Group,PR,395270403,144314356,0
2020,1,Soy Group,RO,13911304,4934365,0
2020,1,Soy Group,RS,148006128,53590552,0
2020,1,Soy Group,SC,62994404,23879587,0
2020,1,Soy Group,SP,28326634,10190097,0
2020,1,Soy Group,TO,18858538,6648992,0
2020,2,Soy Group,GO,336446464,117456689,0
2020,2,Soy Group,MA,33737089,12182225,0
2020,2,Soy Group,MG,69623945,24773189,0
2020,2,Soy Group,MS,64763885,22517960,0
2020,2,Soy Group,MT,2793781374,980857333,0
2020,2,Soy Group,ND,15000000,5173500,0
2020,2,Soy Group,PA,51396593,18715056,0
2020,2,Soy Group,PE,16730788,5697000,0
2020,2,Soy Group,PR,760324801,263558451,0
2020,2,Soy Group,RO,119812465,41945280,0
2020,2,Soy Group,RS,96473833,33987128,0
2020,2,Soy Group,SC,134472231,46519604,0
2020,2,Soy Group,SP,315941353,110513745,0
2020,3,Soy Group,AL,19898183,6847778,0
2020,3,Soy Group,BA,180683032,61121691,0
2020,3,Soy Group,GO,1224687802,422427471,0
2020,3,Soy Group,MA,222269664,76305665,0
2020,3,Soy Group,MG,570386763,199662606,0
2020,3,Soy Group,MS,709874035,244516596,0
2020,3,Soy Group,MT,3681782743,1272529875,0
2020,3,Soy Group,ND,30700000,10964261,0
2020,3,Soy Group,PA,135491394,47531225,0
2020,3,Soy Group,PR,1511312565,520076270,0
2020,3,Soy Group,RO,334376341,114446264,0
2020,3,Soy Group,RS,497990569,170882960,0
2020,3,Soy Group,SC,235596506,80516325,0
2020,3,Soy Group,SP,944572008,325338472,0
2020,3,Soy Group,TO,360256993,124167425,0
2020,4,Soy Group,BA,402980980,136332136,0
2020,4,Soy Group,DF,19777337,6620149,0
2020,4,Soy Group,GO,1155314465,391952836,0
2020,4,Soy Group,MA,284145218,95142454,0
2020,4,Soy Group,MG,911407925,311449325,0
2020,4,Soy Group,MS,945964105,319423517,0
2020,4,Soy Group,MT,4248543260,1431952698,0
2020,4,Soy Group,ND,220550000,83224240,0
2020,4,Soy Group,PA,294957258,100568833,0
2020,4,Soy Group,PI,118836106,39985740,0
2020,4,Soy Group,PR,2211095139,748702752,0
2020,4,Soy Group,RO,228756232,75688635,0
2020,4,Soy Group,RS,1368955199,463543694,0
2020,4,Soy Group,SC,495929577,165972245,0
2020,4,Soy Group,SP,1295329854,439523823,0
2020,4,Soy Group,TO,551083792,188621269,0
2020,5,Soy Group,BA,321531666,107016072,0
2020,5,Soy Group,DF,16522617,5497240,0
2020,5,Soy Group,GO,1412787612,472441251,0
2020,5,Soy Group,MA,305570996,101523951,0
2020,5,Soy Group,MG,915122582,313428404,0
2020,5,Soy Group,MS,784814219,259012294,0
2020,5,Soy Group,MT,4205777812,1394291344,0
2020,5,Soy Group,ND,281000000,103588780,0
2020,5,Soy Group,PA,400638488,132314040,0
2020,5,Soy Group,PI,196986200,65617973,0
2020,5,Soy Group,PR,1435300268,472981168,0
2020,5,Soy Group,RO,128192340,42624236,0
2020,5,Soy Group,RS,1678981047,558431093,0
2020,5,Soy Group,SC,288843425,95256913,0
2020,5,Soy Group,SP,1071890431,354939365,0
2020,5,Soy Group,TO,562523589,188217171,0
2020,6,Soy Group,BA,408576381,137655548,0
2020,6,Soy Group,DF,24701919,8131182,0
2020,6,Soy Group,GO,1394252827,465828762,0
2020,6,Soy Group,MA,447935848,149434595,0
2020,6,Soy Group,MG,755737008,255455443,0
2020,6,Soy Group,MS,667144369,222620121,0
2020,6,Soy Group,MT,3593984618,1210255362,0
2020,6,Soy Group,ND,285500000,106018700,0
2020,6,Soy Group,PA,505882965,169285153,0
2020,6,Soy Group,PI,159078700,52686362,0
2020,6,Soy Group,PR,1477281844,494449293,0
2020,6,Soy Group,RO,169561211,57096363,0
2020,6,Soy Group,RS,1441781936,493932492,0
2020,6,Soy Group,SC,234527145,79186699,0
2020,6,Soy Group,SP,599884829,201200284,0
2020,6,Soy Group,TO,349862477,117080802,0
2020,7,Soy Group,BA,515595649,175866610,0
2020,7,Soy Group,DF,16070653,5568715,0
2020,7,Soy Group,GO,890105596,309755909,0
2020,7,Soy Group,MA,374580907,126758995,0
2020,7,Soy Group,MG,420608437,145975459,0
2020,7,Soy Group,MS,545482776,187510577,0
2020,7,Soy Group,MT,1808155877,620035734,0
2020,7,Soy Group,ND,391000000,147011240,0
2020,7,Soy Group,PA,471175563,160758284,0
2020,7,Soy Group,PI,159952335,55158853,0
2020,7,Soy Group,PR,1574668966,548195709,0
2020,7,Soy Group,RO,174193352,57802723,0
2020,7,Soy Group,RS,1637563459,581995202,0
2020,7,Soy Group,SC,238657758,82726169,0
2020,7,Soy Group,SP,391641734,137057921,0
2020,7,Soy Group,TO,284801211,96142582,0
2020,8,Soy Group,BA,431317151,152059002,0
2020,8,Soy Group,DF,12875863,4434741,0
2020,8,Soy Group,GO,563929665,198515520,0
2020,8,Soy Group,MA,187477991,63739648,0
2020,8,Soy Group,MG,368325009,127404722,0
2020,8,Soy Group,MS,371567968,126700920,0
2020,8,Soy Group,MT,622717731,221725904,0
2020,8,Soy Group,ND,155500000,59306760,0
2020,8,Soy Group,PA,127729875,44937485,0
2020,8,Soy Group,PI,119481722,40626726,0
2020,8,Soy Group,PR,1326936764,464717287,0
2020,8,Soy Group,RO,49533343,17629367,0
2020,8,Soy Group,RS,1020360654,371701924,0
2020,8,Soy Group,SC,166453061,61203145,0
2020,8,Soy Group,SP,150641524,52755512,0
2020,8,Soy Group,TO,136940626,47285413,0
2020,9,Soy Group,AP,25014789,8757440,0
2020,9,Soy Group,BA,410360866,147451561,0
2020,9,Soy Group,GO,198107537,72669821,0
2020,9,Soy Group,MA,183968560,64333317,0
2020,9,Soy Group,MG,263397502,96891213,0
2020,9,Soy Group,MS,268882888,96487667,0
2020,9,Soy Group,MT,357011299,133040299,0
2020,9,Soy Group,ND,161319564,71646894,0
2020,9,Soy Group,PA,66685742,23602770,0
2020,9,Soy Group,PI,189336426,66588610,0
2020,9,Soy Group,PR,1318259579,472943539,0
2020,9,Soy Group,RR,29544176,10093504,0
2020,9,Soy Group,RS,509064087,191420568,0
2020,9,Soy Group,SC,63622925,23551212,0
2020,9,Soy Group,SP,72278492,26169848,0
2020,9,Soy Group,TO,130691898,45942853,0
2020,10,Soy Group,BA,586289277,219279503,0
2020,10,Soy Group,GO,67282435,24506145,0
2020,10,Soy Group,MA,133497329,50954695,0
2020,10,Soy Group,MG,91589423,34324693,0
2020,10,Soy Group,MS,32446319,11368751,0
2020,10,Soy Group,MT,271476741,101065771,0
2020,10,Soy Group,ND,31542940,11845373,0
2020,10,Soy Group,PA,51951455,18343357,0
2020,10,Soy Group,PI,141077195,50012685,0
2020,10,Soy Group,PR,782932142,278928782,0
2020,10,Soy Group,RR,37845729,14768089,0
2020,10,Soy Group,RS,65249473,23471910,0
2020,10,Soy Group,SP,25812545,9021857,0
2020,10,Soy Group,TO,92399101,33451270,0
2020,11,Soy Group,AP,10626212,4554688,0
2020,11,Soy Group,BA,407313682,154811519,0
2020,11,Soy Group,GO,18516577,7021274,0
2020,11,Soy Group,MA,38625261,13981486,0
2020,11,Soy Group,MG,69813535,27482508,0
2020,11,Soy Group,MT,82736260,32679677,0
2020,11,Soy Group,ND,95828446,38573785,0
2020,11,Soy Group,PI,22834726,8004917,0
2020,11,Soy Group,PR,581703095,199841386,0
2020,11,Soy Group,RR,27625152,12003678,0
2020,11,Soy Group,TO,54971007,20375175,0
2020,12,Soy Group,BA,70957268,25033014,0
2020,12,Soy Group,MG,69437787,25026120,0
2020,12,Soy Group,MT,40228288,19447891,0
2020,12,Soy Group,PA,30300545,10484292,0
2020,12,Soy Group,PI,15200000,5333857,0
2020,12,Soy Group,PR,28903770,10856427,0
2021,1,Soy Group,PR,45618616,21790661,0
2021,2,Soy Group,DF,16213054,8688907,0
2021,2,Soy Group,GO,164922731,62766401,0
2021,2,Soy Group,MA,39053762,15297726,0
2021,2,Soy Group,MG,31037485,13275221,0
2021,2,Soy Group,MS,24176585,9313694,0
2021,2,Soy Group,MT,1973148564,771761824,0
2021,2,Soy Group,PA,13843914,4709466,0
2021,2,Soy Group,PR,111215431,42926712,0
2021,2,Soy Group,RO,83199894,29768236,0
2021,2,Soy Group,RR,9656289,4615410,0
2021,2,Soy Group,SP,154644686,62314527,0
2021,2,Soy Group,TO,13743126,5984414,0
2021,3,Soy Group,BA,126342304,56556096,0
2021,3,Soy Group,DF,14307628,6895146,0
2021,3,Soy Group,GO,1519225984,597137493,0
2021,3,Soy Group,MA,217415039,85181222,0
2021,3,Soy Group,MG,635156416,255058226,0
2021,3,Soy Group,MS,679186694,275158383,0
2021,3,Soy Group,MT,5327615469,2138759363,0
2021,3,Soy Group,PA,152824691,54542529,0
2021,3,Soy Group,PI,48977543,21974164,0
2021,3,Soy Group,PR,1569252911,621645775,0
2021,3,Soy Group,RO,479118292,176454095,0
2021,3,Soy Group,RS,271511250,113773762,0
2021,3,Soy Group,SC,86334294,33523458,0
2021,3,Soy Group,SP,1060584869,407367054,0
2021,3,Soy Group,TO,350754569,139199864,0
2021,4,Soy Group,BA,453936844,193678029,0
2021,4,Soy Group,DF,29877561,12835104,0
2021,4,Soy Group,GO,1615270439,640549891,0
2021,4,Soy Group,MA,390202771,169689543,0
2021,4,Soy Group,MG,1073213050,444761099,0
2021,4,Soy Group,MS,1074340252,426046556,0
2021,4,Soy Group,MT,4575334493,1907058596,0
2021,4,Soy Group,ND,11900000,4493241,0
2021,4,Soy Group,PA,340810088,125033351,0
2021,4,Soy Group,PI,200488298,78703783,0
2021,4,Soy Group,PR,1929640216,796723973,0
2021,4,Soy Group,RO,362882804,138652425,0
2021,4,Soy Group,RS,1780802682,790620305,0
2021,4,Soy Group,SC,346025657,148526698,0
2021,4,Soy Group,SP,1093862111,450091292,0
2021,4,Soy Group,TO,754961231,308023653,0
2021,5,Soy Group,BA,489052437,209921814,0
2021,5,Soy Group,DF,16379490,7173372,0
2021,5,Soy Group,GO,1329842915,588321989,0
2021,5,Soy Group,MA,415436015,175233419,0
2021,5,Soy Group,MG,1096692662,490389628,0
2021,5,Soy Group,MS,967974393,414831741,0
2021,5,Soy Group,MT,4455062141,2011543075,0
2021,5,Soy Group,ND,12016789,4415449,0
2021,5,Soy Group,PA,441918355,173500708,0
2021,5,Soy Group,PI,299535152,125679731,0
2021,5,Soy Group,PR,1555237575,672947052,0
2021,5,Soy Group,RO,177809212,76117240,0
2021,5,Soy Group,RS,1901711462,945061426,0
2021,5,Soy Group,SC,355872474,151565459,0
2021,5,Soy Group,SP,854270887,396685724,0
2021,5,Soy Group,TO,501252956,216694002,0
2021,6,Soy Group,BA,569825527,274579857,0
2021,6,Soy Group,DF,14407203,7365145,0
2021,6,Soy Group,GO,1079874947,487904225,0
2021,6,Soy Group,MA,467574612,218181435,0
2021,6,Soy Group,MG,730201955,331332486,0
2021,6,Soy Group,MS,651012786,289624302,0
2021,6,Soy Group,MT,3542388740,1706192558,0
2021,6,Soy Group,ND,34017136,13999915,0
2021,6,Soy Group,PA,406132389,176292146,0
2021,6,Soy Group,PI,136613465,61003576,0
2021,6,Soy Group,PR,874437190,373760395,0
2021,6,Soy Group,RO,210757920,111750679,0
2021,6,Soy Group,RS,1337924076,659834447,0
2021,6,Soy Group,SC,108784036,55224162,0
2021,6,Soy Group,SP,523067603,239881931,0
2021,6,Soy Group,TO,334874684,149231354,0
2021,7,Soy Group,BA,471941163,218308120,0
2021,7,Soy Group,GO,664354654,288676997,0
2021,7,Soy Group,MA,548967406,235358172,0
2021,7,Soy Group,MG,390780078,172969186,0
2021,7,Soy Group,MS,660929400,292481754,0
2021,7,Soy Group,MT,1852060733,877264252,0
2021,7,Soy Group,ND,57541533,30970634,0
2021,7,Soy Group,PA,299071150,133010473,0
2021,7,Soy Group,PI,223631811,88313367,0
2021,7,Soy Group,PR,1283018225,573619900,0
2021,7,Soy Group,RO,145980427,80118137,0
2021,7,Soy Group,RS,1359397317,675451067,0
2021,7,Soy Group,SC,128225966,59853356,0
2021,7,Soy Group,SP,320558579,135299108,0
2021,7,Soy Group,TO,228698627,103454003,0
2021,8,Soy Group,BA,571740668,284234391,0
2021,8,Soy Group,GO,280550954,138352195,0
2021,8,Soy Group,MA,306809252,138409401,0
2021,8,Soy Group,MG,187095876,98642071,0
2021,8,Soy Group,MS,329754938,161496932,0
2021,8,Soy Group,MT,684573379,337909471,0
2021,8,Soy Group,PA,157497580,74682825,0
2021,8,Soy Group,PI,258307408,119703627,0
2021,8,Soy Group,PR,936700289,409144511,0
2021,8,Soy Group,RO,36658298,20025098,0
2021,8,Soy Group,RS,2122478466,1060228683,0
2021,8,Soy Group,SC,132445158,67947802,0
2021,8,Soy Group,SP,202423001,102397384,0
2021,8,Soy Group,TO,265980992,123677685,0
2021,9,Soy Group,BA,583221278,305558649,0
2021,9,Soy Group,GO,122441266,61167333,0
2021,9,Soy Group,MA,199527951,97082274,0
2021,9,Soy Group,MG,143652787,78439308,0
2021,9,Soy Group,MS,219050790,107155087,0
2021,9,Soy Group,MT,389208712,202394847,0
2021,9,Soy Group,ND,19479025,9600737,0
2021,9,Soy Group,PA,96259483,47387023,0
2021,9,Soy Group,PI,219590144,106296787,0
2021,9,Soy Group,PR,885076930,414834390,0
2021,9,Soy Group,RO,24908379,13774967,0
2021,9,Soy Group,RR,15569321,8564369,0
2021,9,Soy Group,RS,1391854952,736650650,0
2021,9,Soy Group,SC,77546911,36955925,0
2021,9,Soy Group,SP,240964762,127747164,0
2021,9,Soy Group,TO,193234771,99494054,0
2021,10,Soy Group,BA,342719110,177276434,0
2021,10,Soy Group,GO,90804029,48233651,0
2021,10,Soy Group,MA,108359314,53606298,0
2021,10,Soy Group,MG,112171450,59009027,0
2021,10,Soy Group,MS,99190305,50350415,0
2021,10,Soy Group,MT,190683236,102099331,0
2021,10,Soy Group,ND,12481310,5031714,0
2021,10,Soy Group,PI,73602987,37806171,0
2021,10,Soy Group,PR,404217478,209291873,0
2021,10,Soy Group,RS,1467390458,772722706,0
2021,10,Soy Group,SC,73612735,39342399,0
2021,10,Soy Group,SP,130677557,67461324,0
2021,10,Soy Group,TO,163733061,85226201,0
2021,11,Soy Group,BA,208739026,110831653,0
2021,11,Soy Group,GO,227983645,116719438,0
2021,11,Soy Group,MA,27154908,14191002,0
2021,11,Soy Group,MG,143569489,74404986,0
2021,11,Soy Group,MS,226144288,117109569,0
2021,11,Soy Group,MT,250375635,129250154,0
2021,11,Soy Group,ND,11111000,5827669,0
2021,11,Soy Group,PR,575949890,287397506,0
2021,11,Soy Group,RR,20681933,10501038,0
2021,11,Soy Group,RS,460534428,235017882,0
2021,11,Soy Group,SC,106959315,54948025,0
2021,11,Soy Group,SP,244872858,121515221,0
2021,11,Soy Group,TO,74289695,38714759,0
2021,12,Soy Group,BA,166061242,82593555,0
2021,12,Soy Group,DF,17136779,8656209,0
2021,12,Soy Group,GO,315152230,161438003,0
2021,12,Soy Group,MA,73775642,30766885,0
2021,12,Soy Group,MG,123900230,62998644,0
2021,12,Soy Group,MS,275411055,140540078,0
2021,12,Soy Group,MT,408998352,201466983,0
2021,12,Soy Group,ND,79492859,38056352,0
2021,12,Soy Group,PA,10805879,5720219,0
2021,12,Soy Group,PI,37506776,17669931,0
2021,12,Soy Group,PR,473148553,237001837,0
2021,12,Soy Group,RR,97496090,48444350,0
2021,12,Soy Group,RS,444247092,227312817,0
2021,12,Soy Group,SC,35072976,17436938,0
2021,12,Soy Group,SP,127320622,65261036,0
2021,12,Soy Group,TO,22953203,11801253,0
2022,1,Soy Group,BA,141274731,66014769,0
2022,1,Soy Group,GO,336530060,173597493,0
2022,1,Soy Group,MG,158970372,81343129,0
2022,1,Soy Group,MS,299465233,151967609,0
2022,1,Soy Group,MT,521191603,264899645,0
2022,1,Soy Group,PR,344604637,171607821,0
2022,1,Soy Group,RR,21993478,10991290,0
2022,1,Soy Group,RS,457526742,235568461,0
2022,1,Soy Group,SC,35155713,17506641,0
2022,1,Soy Group,SP,117596366,60097482,0
2022,2,Soy Group,AP,9843209,5416961,0
2022,2,Soy Group,BA,63127606,32439985,0
2022,2,Soy Group,DF,11898932,6549210,0
2022,2,Soy Group,GO,715656770,352668946,0
2022,2,Soy Group,MA,97438765,47770811,0
2022,2,Soy Group,MG,122852201,62674289,0
2022,2,Soy Group,MS,409182098,204211483,0
2022,2,Soy Group,MT,3633295094,1821428574,0
2022,2,Soy Group,PA,80221772,39913938,0
2022,2,Soy Group,PI,57208292,28135544,0
2022,2,Soy Group,PR,446072667,219093719,0
2022,2,Soy Group,RO,170604933,85713346,0
2022,2,Soy Group,SC,30552472,15630865,0
2022,2,Soy Group,SP,263791909,133161435,0
2022,2,Soy Group,TO,122069366,61371545,0
2022,3,Soy Group,AC,11899392,6463932,0
2022,3,Soy Group,BA,371272435,209163744,0
2022,3,Soy Group,DF,27454373,14996148,0
2022,3,Soy Group,GO,1688627962,907758406,0
2022,3,Soy Group,MA,517245703,260443274,0
2022,3,Soy Group,MG,779056195,419946639,0
2022,3,Soy Group,MS,873892912,456426600,0
2022,3,Soy Group,MT,4482593110,2344382848,0
2022,3,Soy Group,PA,369696735,184422199,0
2022,3,Soy Group,PI,177494358,94188593,0
2022,3,Soy Group,PR,761066898,418899169,0
2022,3,Soy Group,RO,432614063,233402428,0
2022,3,Soy Group,RS,52026538,30365916,0
2022,3,Soy Group,SC,32395009,17740838,0
2022,3,Soy Group,SP,1082764690,592311405,0
2022,3,Soy Group,TO,517154255,265538155,0
2022,4,Soy Group,BA,364804139,223847321,0
2022,4,Soy Group,DF,38224890,23461957,0
2022,4,Soy Group,GO,1379654263,828228343,0
2022,4,Soy Group,MA,331963118,185248552,0
2022,4,Soy Group,MG,1054709767,617357251,0
2022,4,Soy Group,MS,533365051,320775491,0
2022,4,Soy Group,MT,3995917711,2348213197,0
2022,4,Soy Group,ND,33114550,16747628,0
2022,4,Soy Group,PA,388035203,220623538,0
2022,4,Soy Group,PI,264031896,150368659,0
2022,4,Soy Group,PR,783110418,482268666,0
2022,4,Soy Group,RO,297300240,180218828,0
2022,4,Soy Group,RS,195666716,113531380,0
2022,4,Soy Group,SC,170088111,105192447,0
2022,4,Soy Group,SP,1012910727,603363210,0
2022,4,Soy Group,TO,565811504,300776898,0
2022,5,Soy Group,BA,530224742,343676628,0
2022,5,Soy Group,DF,13807808,8844235,0
2022,5,Soy Group,GO,1332576812,815534557,0
2022,5,Soy Group,MA,605347443,351348777,0
2022,5,Soy Group,MG,872385224,555798199,0
2022,5,Soy Group,MS,223970328,146028897,0
2022,5,Soy Group,MT,4045746630,2542093064,0
2022,5,Soy Group,ND,21712654,10862926,0
2022,5,Soy Group,PA,428335885,254634014,0
2022,5,Soy Group,PI,264871340,156241343,0
2022,5,Soy Group,PR,242628054,151082655,0
2022,5,Soy Group,RO,330959583,210271080,0
2022,5,Soy Group,RS,166408102,107683980,0
2022,5,Soy Group,SC,49452148,31168035,0
2022,5,Soy Group,SP,785901239,489566368,0
2022,5,Soy Group,TO,553631123,334333807,0
2022,6,Soy Group,BA,422220111,261828067,0
2022,6,Soy Group,DF,17258771,11155972,0
2022,6,Soy Group,GO,1271083916,800308322,0
2022,6,Soy Group,MA,588201298,354616873,0
2022,6,Soy Group,MG,676841522,437617418,0
2022,6,Soy Group,MS,299876156,192868690,0
2022,6,Soy Group,MT,3751454492,2392036404,0
2022,6,Soy Group,ND,34232054,19566066,0
2022,6,Soy Group,PA,461090412,273672925,0
2022,6,Soy Group,PI,293663562,181498210,0
2022,6,Soy Group,PR,454228209,296209378,0
2022,6,Soy Group,RO,210557826,137909901,0
2022,6,Soy Group,RS,256575929,167708357,0
2022,6,Soy Group,SC,239630307,155594689,0
2022,6,Soy Group,SP,565852707,355535886,0
2022,6,Soy Group,TO,443639821,265304933,0
2022,7,Soy Group,BA,433492041,282846076,0
2022,7,Soy Group,DF,10369547,6798927,0
2022,7,Soy Group,GO,1036726496,654650331,0
2022,7,Soy Group,MA,484701787,288695330,0
2022,7,Soy Group,MG,546841784,347123901,0
2022,7,Soy Group,MS,439704370,281507431,0
2022,7,Soy Group,MT,1607676070,1006686655,0
2022,7,Soy Group,ND,133428190,79613665,0
2022,7,Soy Group,PA,327054071,204159269,0
2022,7,Soy Group,PI,257340513,155354166,0
2022,7,Soy Group,PR,652945429,419716107,0
2022,7,Soy Group,RO,142116114,92823018,0
2022,7,Soy Group,RS,641998221,407083412,0
2022,7,Soy Group,SC,142575649,91824793,0
2022,7,Soy Group,SP,409038356,258193368,0
2022,7,Soy Group,TO,231131490,139934241,0
2022,8,Soy Group,BA,538400130,349214487,0
2022,8,Soy Group,DF,15662457,9935871,0
2022,8,Soy Group,GO,779841297,498209007,0
2022,8,Soy Group,MA,325400514,201360153,0
2022,8,Soy Group,MG,426107764,270718462,0
2022,8,Soy Group,MS,110707063,67015063,0
2022,8,Soy Group,MT,845835736,537551649,0
2022,8,Soy Group,ND,58579058,33509438,0
2022,8,Soy Group,PA,174594331,107758121,0
2022,8,Soy Group,PI,238412036,147800963,0
2022,8,Soy Group,PR,561261051,351588601,0
2022,8,Soy Group,RO,68750657,42596277,0
2022,8,Soy Group,RS,1054981627,646858925,0
2022,8,Soy Group,SC,148567125,96693562,0
2022,8,Soy Group,SP,303606935,189399714,0
2022,8,Soy Group,TO,261773785,161673937,0
2022,9,Soy Group,BA,663312457,414892785,0
2022,9,Soy Group,DF,10099915,6242505,0
2022,9,Soy Group,GO,491843245,302984541,0
2022,9,Soy Group,MA,196864926,125323173,0
2022,9,Soy Group,MG,337722994,205249547,0
2022,9,Soy Group,MS,23014804,14148725,0
2022,9,Soy Group,MT,496930057,308583437,0
2022,9,Soy Group,ND,117650000,74961406,0
2022,9,Soy Group,PA,25759354,16860091,0
2022,9,Soy Group,PI,203116884,130102562,0
2022,9,Soy Group,PR,281223066,175667383,0
2022,9,Soy Group,RO,38770461,25228019,0
2022,9,Soy Group,RR,31170400,19331933,0
2022,9,Soy Group,RS,675905493,427510133,0
2022,9,Soy Group,SC,79788564,51661479,0
2022,9,Soy Group,SP,134905331,82896607,0
2022,9,Soy Group,TO,176038902,111892972,0
2022,10,Soy Group,BA,351633828,213603222,0
2022,10,Soy Group,GO,416467578,257046812,0
2022,10,Soy Group,MA,180851280,106936235,0
2022,10,Soy Group,MG,232058089,144224636,0
2022,10,Soy Group,MS,55550175,34767387,0
2022,10,Soy Group,MT,570853245,355366334,0
2022,10,Soy Group,ND,42000000,24564800,0
2022,10,Soy Group,PA,76915140,47265617,0
2022,10,Soy Group,PI,104674829,63456529,0
2022,10,Soy Group,PR,281231392,172190747,0
2022,10,Soy Group,RO,9906479,6049367,0
2022,10,Soy Group,RR,90775238,56278819,0
2022,10,Soy Group,RS,1004425091,618909319,0
2022,10,Soy Group,SC,49558537,30248270,0
2022,10,Soy Group,SP,172392407,107052253,0
2022,10,Soy Group,TO,152457187,91319017,0
2022,11,Soy Group,BA,358619242,217564105,0
2022,11,Soy Group,DF,9942723,6009525,0
2022,11,Soy Group,GO,333616009,202029029,0
2022,11,Soy Group,MA,85122241,52524508,0
2022,11,Soy Group,MG,185482575,113155386,0
2022,11,Soy Group,MS,53825247,35264422,0
2022,11,Soy Group,MT,469610900,286064843,0
2022,11,Soy Group,ND,114650000,61598537,0
2022,11,Soy Group,PA,41876614,24689982,0
2022,11,Soy Group,PI,49940996,30399141,0
2022,11,Soy Group,PR,146605238,92859716,0
2022,11,Soy Group,RO,14894068,9003784,0
2022,11,Soy Group,RR,17610673,10484589,0
2022,11,Soy Group,RS,476908670,304437019,0
2022,11,Soy Group,SC,28692591,17589791,0
2022,11,Soy Group,SP,103633666,64089382,0
2022,11,Soy Group,TO,33846278,20743933,0
2022,12,Soy Group,BA,282476764,174954360,0
2022,12,Soy Group,GO,244259762,151400039,0
2022,12,Soy Group,MA,34350128,19872408,0
2022,12,Soy Group,MG,110372174,66902778,0
2022,12,Soy Group,MS,34970074,22470655,0
2022,12,Soy Group,MT,298329960,186686710,0
2022,12,Soy Group,ND,168461090,107910670,0
2022,12,Soy Group,PI,25270231,14496807,0
2022,12,Soy Group,PR,82728599,50923202,0
2022,12,Soy Group,RR,36220446,21374397,0
2022,12,Soy Group,RS,399714082,246154610,0
2022,12,Soy Group,SC,18159916,11580077,0
2022,12,Soy Group,SP,107424467,66201263,0
2022,12,Soy Group,TO,84148223,50993538,0
2023,1,Soy Group,BA,70763241,42816315,0
2023,1,Soy Group,GO,106687218,63819560,0
2023,1,Soy Group,MA,10962023,6290149,0
2023,1,Soy Group,MG,35505698,21263467,0
2023,1,Soy Group,MS,29482604,17408400,0
2023,1,Soy Group,MT,127896587,75109864,0
2023,1,Soy Group,PA,10817647,6532168,0
2023,1,Soy Group,PR,84840415,50511698,0
2023,1,Soy Group,RS,262432177,156880728,0
2023,1,Soy Group,SC,23738492,14508772,0
2023,1,Soy Group,SP,69975286,41140171,0
2023,2,Soy Group,BA,69451240,39569469,0
2023,2,Soy Group,DF,18052393,10388772,0
2023,2,Soy Group,GO,654667982,356958034,0
2023,2,Soy Group,MA,32511530,18189678,0
2023,2,Soy Group,MG,295774709,169151691,0
2023,2,Soy Group,MS,81929749,43644474,0
2023,2,Soy Group,MT,2945705787,1652548642,0
2023,2,Soy Group,ND,9000000,5166900,0
2023,2,Soy Group,PA,105914776,61088691,0
2023,2,Soy Group,PI,10516303,5590982,0
2023,2,Soy Group,PR,184887244,102290611,0
2023,2,Soy Group,RO,165632383,95296557,0
2023,2,Soy Group,RS,31199619,18983697,0
2023,2,Soy Group,SC,26033605,14589837,0
2023,2,Soy Group,SP,232750492,131481606,0
2023,3,Soy Group,AC,8593891,4842311,0
2023,3,Soy Group,BA,335886178,187055096,0
2023,3,Soy Group,DF,34995514,19938701,0
2023,3,Soy Group,GO,1795427995,990117349,0
2023,3,Soy Group,MA,505607845,272331276,0
2023,3,Soy Group,MG,1092791913,616014143,0
2023,3,Soy Group,MS,722362545,401738848,0
2023,3,Soy Group,MT,5197978564,2893291394,0
2023,3,Soy Group,ND,30750000,17719380,0
2023,3,Soy Group,PA,303516235,169233646,0
2023,3,Soy Group,PI,211928260,113323359,0
2023,3,Soy Group,PR,663249818,371504546,0
2023,3,Soy Group,RO,546622880,305715558,0
2023,3,Soy Group,RS,98787296,55313187,0
2023,3,Soy Group,SC,37957453,21652578,0
2023,3,Soy Group,SP,1050655449,586088984,0
2023,3,Soy Group,TO,437813048,244241756,0
2023,4,Soy Group,AC,9876274,5369802,0
2023,4,Soy Group,BA,297717070,160462129,0
2023,4,Soy Group,DF,24735295,13904496,0
2023,4,Soy Group,GO,1565657555,847108205,0
2023,4,Soy Group,MA,475575129,254094654,0
2023,4,Soy Group,MG,895332187,480335148,0
2023,4,Soy Group,MS,1029171080,552762589,0
2023,4,Soy Group,MT,4591787551,2491903163,0
2023,4,Soy Group,ND,32999980,16878170,0
2023,4,Soy Group,PA,460629356,250818579,0
2023,4,Soy Group,PI,340038840,185361959,0
2023,4,Soy Group,PR,1378447939,746785935,0
2023,4,Soy Group,RO,599563660,320878919,0
2023,4,Soy Group,RS,289606987,153792390,0
2023,4,Soy Group,SC,157113767,82360163,0
2023,4,Soy Group,SP,1264315995,682878489,0
2023,4,Soy Group,TO,665379232,362894377,0
2023,5,Soy Group,BA,429636953,231849646,0
2023,5,Soy Group,DF,32475024,17244251,0
2023,5,Soy Group,GO,1668074643,863574592,0
2023,5,Soy Group,MA,709040616,377125237,0
2023,5,Soy Group,MG,1150043902,584220725,0
2023,5,Soy Group,MS,1022032475,530657471,0
2023,5,Soy Group,MT,4818315878,2508818522,0
2023,5,Soy Group,ND,9631502,9310195,0
2023,5,Soy Group,PA,633810041,334978303,0
2023,5,Soy Group,PI,328074189,176295140,0
2023,5,Soy Group,PR,1580366976,824462078,0
2023,5,Soy Group,RO,293099238,149379886,0
2023,5,Soy Group,RS,596492145,310320212,0
2023,5,Soy Group,SC,333205578,170992705,0
2023,5,Soy Group,SP,969350556,488467636,0
2023,5,Soy Group,TO,770819037,412678188,0
2023,6,Soy Group,AC,9899208,5113262,0
2023,6,Soy Group,BA,484002496,246939593,0
2023,6,Soy Group,DF,11235830,5631490,0
2023,6,Soy Group,GO,1397065626,679739679,0
2023,6,Soy Group,MA,710657233,365707294,0
2023,6,Soy Group,MG,825119476,398593687,0
2023,6,Soy Group,MS,725179248,358598486,0
2023,6,Soy Group,MT,4734867984,2338851817,0
2023,6,Soy Group,ND,63224694,34533040,0
2023,6,Soy Group,PA,577956043,289220930,0
2023,6,Soy Group,PI,287495337,149407314,0
2023,6,Soy Group,PR,1352542815,677652395,0
2023,6,Soy Group,RO,201619985,98195649,0
2023,6,Soy Group,RS,622919233,301806387,0
2023,6,Soy Group,SC,193204601,98894757,0
2023,6,Soy Group,SP,558614946,269589108,0
2023,6,Soy Group,TO,630100732,321747547,0
2023,7,Soy Group,BA,436985830,217482842,0
2023,7,Soy Group,DF,23267051,11278538,0
2023,7,Soy Group,GO,1122804625,546155325,0
2023,7,Soy Group,MA,573902735,283988217,0
2023,7,Soy Group,MG,522568700,254992502,0
2023,7,Soy Group,MS,590922397,288834031,0
2023,7,Soy Group,MT,2515880001,1231284331,0
2023,7,Soy Group,ND,17000000,8495312,0
2023,7,Soy Group,PA,439070184,213730661,0
2023,7,Soy Group,PI,234188243,117650980,0
2023,7,Soy Group,PR,1245884872,603952118,0
2023,7,Soy Group,RO,180875243,86286396,0
2023,7,Soy Group,RS,489968859,238177934,0
2023,7,Soy Group,SC,160825239,78531653,0
2023,7,Soy Group,SP,403079612,195368109,0
2023,7,Soy Group,TO,435227150,213756464,0
2023,8,Soy Group,BA,470179952,234248241,0
2023,8,Soy Group,DF,32645421,16150977,0
2023,8,Soy Group,GO,668577863,340301704,0
2023,8,Soy Group,MA,460791239,226631261,0
2023,8,Soy Group,MG,474120521,241390433,0
2023,8,Soy Group,MS,678082599,336283505,0
2023,8,Soy Group,MT,1023470882,514170732,0
2023,8,Soy Group,ND,27864445,13640923,0
2023,8,Soy Group,PA,331813225,159048064,0
2023,8,Soy Group,PI,262942694,134279952,0
2023,8,Soy Group,PR,1259726784,630011047,0
2023,8,Soy Group,RO,91432455,45010341,0
2023,8,Soy Group,RR,24355240,12187136,0
2023,8,Soy Group,RS,1553291164,779344794,0
2023,8,Soy Group,SC,141796971,70785503,0
2023,8,Soy Group,SP,381120535,192725313,0
2023,8,Soy Group,TO,292884811,144723485,0
2023,9,Soy Group,BA,507759366,260493521,0
2023,9,Soy Group,DF,10122027,5231815,0
2023,9,Soy Group,GO,699473060,365068917,0
2023,9,Soy Group,MA,244738463,123320655,0
2023,9,Soy Group,MG,346017356,182605027,0
2023,9,Soy Group,MS,366773220,185213885,0
2023,9,Soy Group,MT,608948553,313794324,0
2023,9,Soy Group,ND,71669425,32766252,0
2023,9,Soy Group,PA,122318419,62714801,0
2023,9,Soy Group,PI,202687436,102511640,0
2023,9,Soy Group,PR,1293971699,662969953,0
2023,9,Soy Group,RR,67240214,35031591,0
2023,9,Soy Group,RS,1212948578,642284354,0
2023,9,Soy Group,SC,120453907,62933730,0
2023,9,Soy Group,SP,257094881,133360587,0
2023,9,Soy Group,TO,143133025,72353988,0
2023,10,Soy Group,BA,464354397,248637970,0
2023,10,Soy Group,DF,22698659,12359091,0
2023,10,Soy Group,GO,547891467,288607366,0
2023,10,Soy Group,MA,185471022,98232880,0
2023,10,Soy Group,MG,305602229,162804784,0
2023,10,Soy Group,MS,161380803,83776683,0
2023,10,Soy Group,MT,658109056,341854620,0
2023,10,Soy Group,ND,138926876,71527036,0
2023,10,Soy Group,PA,89366219,45270193,0
2023,10,Soy Group,PI,175330656,92499908,0
2023,10,Soy Group,PR,673741180,345932107,0
2023,10,Soy Group,RO,20342251,10666285,0
2023,10,Soy Group,RR,76824596,40424066,0
2023,10,Soy Group,RS,1504148926,789682449,0
2023,10,Soy Group,SC,128706809,68233172,0
2023,10,Soy Group,SP,175536753,89800099,0
2023,10,Soy Group,TO,145221350,75930461,0
2023,11,Soy Group,BA,474297772,252704508,0
2023,11,Soy Group,DF,20222020,11066471,0
2023,11,Soy Group,GO,571244964,301401917,0
2023,11,Soy Group,MA,153704245,82086040,0
2023,11,Soy Group,MG,165095164,88086749,0
2023,11,Soy Group,MS,338840568,175731562,0
2023,11,Soy Group,MT,529253974,275330734,0
2023,11,Soy Group,ND,83571168,41831738,0
2023,11,Soy Group,PA,83533892,41812364,0
2023,11,Soy Group,PI,181300681,96664448,0
2023,11,Soy Group,PR,1079006610,559193000,0
2023,11,Soy Group,RO,15833222,8176797,0
2023,11,Soy Group,RR,33959439,16801502,0
2023,11,Soy Group,RS,976037537,519148239,0
2023,11,Soy Group,SC,165078122,87226127,0
2023,11,Soy Group,SP,206873973,109791702,0
2023,11,Soy Group,TO,59507275,31582006,0
2023,12,Soy Group,BA,513195747,268213978,0
2023,12,Soy Group,DF,24862787,13527580,0
2023,12,Soy Group,GO,661049874,342723586,0
2023,12,Soy Group,MA,124041650,65876796,0
2023,12,Soy Group,MG,140931291,74532528,0
2023,12,Soy Group,MS,234050574,120206847,0
2023,12,Soy Group,MT,401602372,205994255,0
2023,12,Soy Group,ND,151138807,79346407,0
2023,12,Soy Group,PA,14981980,8011985,0
2023,12,Soy Group,PI,169209348,90818210,0
2023,12,Soy Group,PR,803929027,416039204,0
2023,12,Soy Group,RR,31581726,15379088,0
2023,12,Soy Group,RS,207933657,107713466,0
2023,12,Soy Group,SC,79909226,41630369,0
2023,12,Soy Group,SP,198077649,103504980,0
2023,12,Soy Group,TO,47272699,24792253,0
2024,1,Soy Group,BA,461154360,236566848,0
2024,1,Soy Group,GO,170134802,87383427,0
2024,1,Soy Group,MA,26200855,13577984,0
2024,1,Soy Group,MG,71206417,37574813,0
2024,1,Soy Group,MS,281464891,143518694,0
2024,1,Soy Group,MT,428523309,215733103,0
2024,1,Soy Group,ND,13901190,6758314,0
2024,1,Soy Group,PI,87189043,46306518,0
2024,1,Soy Group,PR,981371662,496601028,0
2024,1,Soy Group,RS,124759441,63957726,0
2024,1,Soy Group,SC,103893578,51834426,0
2024,1,Soy Group,SP,63097843,33337142,0
2024,1,Soy Group,TO,29857507,15389217,0
2024,2,Soy Group,BA,82162142,37418971,0
2024,2,Soy Group,GO,753181859,329584089,0
2024,2,Soy Group,MA,78617738,35109654,0
2024,2,Soy Group,MG,221157646,94540362,0
2024,2,Soy Group,MS,331081044,143027438,0
2024,2,Soy Group,MT,3061069683,1350262153,0
2024,2,Soy Group,ND,31163246,15578358,0
2024,2,Soy Group,PA,67132730,30591968,0
2024,2,Soy Group,PR,1044334310,465998563,0
2024,2,Soy Group,RO,212093181,91823527,0
2024,2,Soy Group,RS,158937172,74195908,0
2024,2,Soy Group,SC,65652738,30147432,0
2024,2,Soy Group,SP,385105993,167264267,0
2024,2,Soy Group,TO,70311831,32159113,0
2024,3,Soy Group,AC,11021610,4387038,0
2024,3,Soy Group,BA,293968429,132400815,0
2024,3,Soy Group,DF,14890315,6210146,0
2024,3,Soy Group,GO,1800086519,762882708,0
2024,3,Soy Group,MA,336421094,149119537,0
2024,3,Soy Group,MG,1089937038,455032541,0
2024,3,Soy Group,MS,953973528,402411559,0
2024,3,Soy Group,MT,4709365931,2010407094,0
2024,3,Soy Group,ND,32879697,15317924,0
2024,3,Soy Group,PA,295115057,127613254,0
2024,3,Soy Group,PI,49387079,20176917,0
2024,3,Soy Group,PR,1089350688,468831260,0
2024,3,Soy Group,RO,585579646,241870676,0
2024,3,Soy Group,SC,77941868,34582636,0
2024,3,Soy Group,SP,811553633,336653387,0
2024,3,Soy Group,TO,389587236,168500484,0
2024,4,Soy Group,AC,22189877,9354308,0
2024,4,Soy Group,BA,360229160,155623301,0
2024,4,Soy Group,DF,48136387,20688865,0
2024,4,Soy Group,GO,1897401499,819584294,0
2024,4,Soy Group,MA,374315612,163585709,0
2024,4,Soy Group,MG,1266784709,537263565,0
2024,4,Soy Group,MS,1132358960,486038188,0
2024,4,Soy Group,MT,4645023431,1987970895,0
2024,4,Soy Group,ND,29796180,11357258,0
2024,4,Soy Group,PA,568846818,243724578,0
2024,4,Soy Group,PI,278238705,118679835,0
2024,4,Soy Group,PR,1243213739,533528012,0
2024,4,Soy Group,RO,609687058,255695950,0
2024,4,Soy Group,RS,570349842,243102337,0
2024,4,Soy Group,SC,208498369,89281053,0
2024,4,Soy Group,SP,713391564,302596790,0
2024,4,Soy Group,TO,692896277,296870005,0
2024,5,Soy Group,AC,11856168,4745226,0
2024,5,Soy Group,BA,268861596,116219991,0
2024,5,Soy Group,DF,27084893,11416032,0
2024,5,Soy Group,GO,1464191796,628630726,0
2024,5,Soy Group,MA,621920818,275546160,0
2024,5,Soy Group,MG,1131715091,485091655,0
2024,5,Soy Group,MS,825657457,350591965,0
2024,5,Soy Group,MT,4212373890,1794354924,0
2024,5,Soy Group,PA,754294718,322931220,0
2024,5,Soy Group,PI,339593090,150800990,0
2024,5,Soy Group,PR,1088034919,463807903,0
2024,5,Soy Group,RO,404848253,166159677,0
2024,5,Soy Group,RS,845388883,360661986,0
2024,5,Soy Group,SC,158191026,66277726,0
2024,5,Soy Group,SP,547900674,233325496,0
2024,5,Soy Group,TO,678901367,299151058,0
2024,6,Soy Group,BA,433033240,191152418,0
2024,6,Soy Group,DF,22457641,9859311,0
2024,6,Soy Group,GO,1641090945,727438912,0
2024,6,Soy Group,MA,855000878,375382515,0
2024,6,Soy Group,MG,1164516036,515680828,0
2024,6,Soy Group,MS,910963922,403500501,0
2024,6,Soy Group,MT,4087767785,1786211376,0
2024,6,Soy Group,ND,50830000,24791950,0
2024,6,Soy Group,PA,787541829,341686962,0
2024,6,Soy Group,PI,308354295,133420739,0
2024,6,Soy Group,PR,1399822907,620563701,0
2024,6,Soy Group,RO,219457535,95726238,0
2024,6,Soy Group,RS,913579963,401704984,0
2024,6,Soy Group,SC,122204211,53513380,0
2024,6,Soy Group,SP,485208364,215014487,0
2024,6,Soy Group,TO,542404437,237297884,0
2024,7,Soy Group,BA,680634851,301444591,0
2024,7,Soy Group,DF,43751395,19295699,0
2024,7,Soy Group,GO,1300722033,568809586,0
2024,7,Soy Group,MA,881903231,392058175,0
2024,7,Soy Group,MG,807001792,357157302,0
2024,7,Soy Group,MS,686912950,301668718,0
2024,7,Soy Group,MT,2243981898,993505530,0
2024,7,Soy Group,ND,181522853,81417097,0
2024,7,Soy Group,PA,552620303,241017888,0
2024,7,Soy Group,PI,376377819,167010730,0
2024,7,Soy Group,PR,1134976793,497614611,0
2024,7,Soy Group,RO,160835405,71651987,0
2024,7,Soy Group,RS,1330760442,589179108,0
2024,7,Soy Group,SC,120563546,52355656,0
2024,7,Soy Group,SP,409119278,179569270,0
2024,7,Soy Group,TO,328040197,145042752,0
2024,8,Soy Group,BA,722649393,314826932,0
2024,8,Soy Group,DF,13793715,5955585,0
2024,8,Soy Group,GO,650387235,277656732,0
2024,8,Soy Group,MA,483996003,215031695,0
2024,8,Soy Group,MG,550511704,239881165,0
2024,8,Soy Group,MS,659157650,286464639,0
2024,8,Soy Group,MT,546009552,238123681,0
2024,8,Soy Group,ND,480826704,211390804,0
2024,8,Soy Group,PA,185420972,80587785,0
2024,8,Soy Group,PI,416708519,183407360,0
2024,8,Soy Group,PR,1717311958,749095712,0
2024,8,Soy Group,RO,14568225,6016882,0
2024,8,Soy Group,RR,20345397,8314147,0
2024,8,Soy Group,RS,1046343975,454254004,0
2024,8,Soy Group,SC,117886185,51566518,0
2024,8,Soy Group,SP,278701455,120066709,0
2024,8,Soy Group,TO,133165026,59911599,0
